D_TX,D_TN,H24R,InfoDate,StationID
24.3,12,0,2021/12/12,C0Z020
28,14.4,0,2021/12/12,C0R190
27.5,15.7,0,2021/12/12,C0R160
16.1,6.2,0,2021/12/12,C0D550
24.5,16.4,0,2021/12/12,C0M740
27.2,17.3,0,2021/12/12,C0R490
17.7,16,0,2021/12/12,C0W110
24.8,15.2,0,2021/12/12,C0D390
24,14.2,0,2021/12/12,C0Z200
21.8,17.7,0,2021/12/12,C0E830
24.2,17.6,0,2021/12/12,C0U910
26.1,14.8,0.5,2021/12/12,C0Z080
26.7,15.5,0,2021/12/12,C0K560
25,19.2,0,2021/12/12,C0AC70
26.5,14.5,0,2021/12/12,C0V370
23.9,17.9,0,2021/12/12,C0M750
23.9,16.5,0,2021/12/12,C0C630
25.6,12.1,0,2021/12/12,C0SA40
25,16.1,0,2021/12/12,C0K280
7,1.2,0,2021/12/12,C0I520
26,20.6,0,2021/12/12,C0V490
25,18.1,0,2021/12/12,C0V630
23.8,14.9,0,2021/12/12,C0D540
23,17.8,0,2021/12/12,C0AH50
23.5,14.4,0,2021/12/12,C0E430
18,12.1,0,2021/12/12,C0Z290
24.1,14.8,0,2021/12/12,C0S710
22.7,18.5,0,2021/12/12,C0C540
26,19.4,0,2021/12/12,C0A980
25.2,19.6,0,2021/12/12,C0V810
26.6,17.5,0,2021/12/12,C0V400
26.3,20,0,2021/12/12,C0V710
28,18,0,2021/12/12,C0R510
27,16.5,0,2021/12/12,C0R480
16.5,13.4,3,2021/12/12,C0U950
24.8,18.4,0,2021/12/12,C0G810
22.8,15,0,2021/12/12,C0R140
25,14.2,0,2021/12/12,C0F850
13.4,3.3,0,2021/12/12,C0UA20
22.7,13.5,0,2021/12/12,C0I080
29.3,13,0,2021/12/12,C0V360
25.2,20.1,0,2021/12/12,C0AI40
22.4,17.6,0.5,2021/12/12,C0A540
20.6,17.8,0,2021/12/12,C0S690
22,17.9,18.5,2021/12/12,C0A940
27.9,15.3,0,2021/12/12,C0O830
20.6,13.7,0,2021/12/12,C0I090
24.6,17.8,1,2021/12/12,C0Z230
23.5,18.3,0,2021/12/12,C0M710
24.7,20.5,0,2021/12/12,C0R800
24.4,17.5,0.5,2021/12/12,C0T9D0
24.5,17.1,0,2021/12/12,C0K500
21.8,16.8,0,2021/12/12,C0W140
22.8,13.5,0,2021/12/12,C0C460
22.7,17.9,0,2021/12/12,C0F9X0
21.2,11.3,0,2021/12/12,C0T820
24.4,13.8,0,2021/12/12,C0D580
22.7,14.6,0,2021/12/12,C0Z330
26.5,17.9,0,2021/12/12,C0F9N0
12.8,0,0,2021/12/12,C0T790
26.3,14.8,0,2021/12/12,C0X300
26.6,16.8,0,2021/12/12,C0X140
24.4,21.1,1,2021/12/12,C0R780
26.3,20.3,0,2021/12/12,C0V700
22.5,14.5,0,2021/12/12,C0E810
24.8,20.4,0,2021/12/12,C0S970
20.7,18.8,12,2021/12/12,C0AI20
24.9,16.9,0,2021/12/12,C0K450
22.8,14.6,0,2021/12/12,C0SA00
23.9,17.4,0,2021/12/12,C0K430
28.7,18.7,0,2021/12/12,C0R640
26.3,15.3,0,2021/12/12,C0G620
25.9,17.2,0,2021/12/12,C0X250
25.2,19.8,0,2021/12/12,C0AH10
21.6,17.1,8.5,2021/12/12,C0AH40
25.9,17,0,2021/12/12,C0V610
22.5,16.7,0,2021/12/12,C0D480
15.2,3.8,0,2021/12/12,C0I480
19.3,14.2,1.5,2021/12/12,C0UA50
27.8,17.8,0,2021/12/12,C0V760
27.4,16.8,0,2021/12/12,C0AC60
26.4,16.9,0,2021/12/12,C0R470
22.5,19.8,0,2021/12/12,C0G900
22.5,17.9,0,2021/12/12,C0W150
21.3,20,0,2021/12/12,C0W120
27,13.8,0,2021/12/12,C0S890
20.3,18.3,32.5,2021/12/12,C0AD00
24.4,13.7,0,2021/12/12,C0Z300
24.4,20.7,0,2021/12/12,C0R710
25,12.9,0,2021/12/12,C0E520
23,15,0,2021/12/12,C0T9H0
27.3,15.7,0,2021/12/12,C0V740
25.2,16.9,0,2021/12/12,C0U990
25.6,17,0,2021/12/12,C0M670
25.9,17.4,0,2021/12/12,C0X160
25.4,19,0.5,2021/12/12,C0U860
21.9,17.1,4,2021/12/12,C0U750
25.9,16.3,0,2021/12/12,C0K580
25.4,15.9,0,2021/12/12,C0E790
18.6,14.1,0,2021/12/12,C0SA20
21,13.2,0.5,2021/12/12,C0A560
22.7,16.6,0,2021/12/12,C0Z270
25.7,19.5,0,2021/12/12,C0X110
24.3,15.3,0,2021/12/12,C0S920
25.6,16.6,0,2021/12/12,C0M690
25.8,16.9,0,2021/12/12,C0AI10
23.9,17.1,0,2021/12/12,C0K510
21.8,13.8,0,2021/12/12,C0U520
14.9,5.7,0,2021/12/12,C0UA10
20.8,13.6,0,2021/12/12,C0E880
21.9,17.9,0,2021/12/12,C0F9K0
28.5,17.1,0,2021/12/12,C0M730
21.2,16.2,0,2021/12/12,C0U870
14.8,9.1,0,2021/12/12,C0UA30
26.8,16.8,0,2021/12/12,C0X170
26,17.4,0,2021/12/12,C0I460
26.4,19,0,2021/12/12,C0A520
23,14.2,9.5,2021/12/12,C0A650
29.2,17.1,0,2021/12/12,C0R260
26.1,16.6,0,2021/12/12,C0U940
26.1,15.7,0,2021/12/12,C0O900
26.2,16.8,0,2021/12/12,C0O840
23.3,17.4,0,2021/12/12,C0C670
24.6,19.1,0.5,2021/12/12,C0R690
23.7,17.3,0,2021/12/12,C0X220
26.5,17.5,0,2021/12/12,C0O960
26,17.5,0,2021/12/12,C0X150
22.5,20.6,0,2021/12/12,C0W130
21.6,18.4,2,2021/12/12,C0R830
19.8,16.6,21,2021/12/12,C0A930
25.2,16,0,2021/12/12,C0I360
26.2,17.7,0,2021/12/12,C0V650
23.1,18,0,2021/12/12,C0X310
25.4,13.7,0,2021/12/12,C0M860
26.2,18.8,0,2021/12/12,C0T9M0
27.5,18.2,0,2021/12/12,C0V730
25,18.8,0,2021/12/12,C0S830
25.9,17.2,0,2021/12/12,C0X210
22.7,18.1,0,2021/12/12,C0K530
26.3,19.4,0,2021/12/12,C0R730
17.8,13.1,0,2021/12/12,C0S980
22.6,17.7,13.5,2021/12/12,C0B020
18.5,9.1,0,2021/12/12,C0M530
21.3,18.8,0,2021/12/12,C0C590
23.3,17.9,0,2021/12/12,C0C650
25.2,20.7,0,2021/12/12,C0R770
25.6,17.3,0,2021/12/12,C0S810
24.5,14.2,0,2021/12/12,C0X240
10.7,2.8,0,2021/12/12,C0H990
25.8,14.5,0,2021/12/12,C0H950
25.4,19.5,0,2021/12/12,C0ACA0
21.5,15.6,0,2021/12/12,C0U980
23.2,18.1,0,2021/12/12,C0G730
25.6,19.9,0.5,2021/12/12,C0A9F0
24.7,17.7,0.5,2021/12/12,C0U970
25.4,17.3,0,2021/12/12,C0M790
19.2,14,21.5,2021/12/12,C0AH30
15,12.8,17.5,2021/12/12,C0AC40
22.8,17.2,0,2021/12/12,C0F9I0
26.1,17.7,0,2021/12/12,C0H960
21.2,12.5,0,2021/12/12,C0K240
26.1,15.3,0,2021/12/12,C0S930
23.4,17.9,0,2021/12/12,C0K291
20.1,15.6,3.5,2021/12/12,C0A870
27.9,14.8,0,2021/12/12,C0X320
26.3,17.1,0,2021/12/12,C0V640
25.4,11.8,0,2021/12/12,C0S740
23.8,15.7,0,2021/12/12,C0F9Q0
25.5,17.6,0,2021/12/12,C0AD50
29.1,15.8,0,2021/12/12,C0R240
26.9,17.7,0,2021/12/12,C0V660
21.7,14,0,2021/12/12,C0Z220
26.9,17.6,0,2021/12/12,C0X130
24.5,12.3,0,2021/12/12,C0T9N0
25.5,18.6,0,2021/12/12,C0F9S0
27.3,17.5,0,2021/12/12,C0V770
25.2,16.2,0,2021/12/12,C0M520
23,18.8,0,2021/12/12,C0G740
24,19.9,0,2021/12/12,C0G780
23.5,20.9,0,2021/12/12,C0R790
24.1,14.7,0,2021/12/12,C0E590
23.7,17.2,0,2021/12/12,C0G750
24.5,16.7,0,2021/12/12,C0F970
11,1.3,0,2021/12/12,C0F9Y0
26.2,19,0.5,2021/12/12,C0S840
24.2,13.8,0,2021/12/12,C0UA00
16.7,10.5,0,2021/12/12,C0M810
24.1,17.1,0,2021/12/12,C0K550
26.4,13.9,0,2021/12/12,C0X200
25.5,14,5.5,2021/12/12,C0T960
26.7,16.7,0,2021/12/12,C0I110
24.9,16.9,0,2021/12/12,C0K480
22.6,14.8,0,2021/12/12,C0F930
23.2,16.5,0,2021/12/12,C0D560
26.5,16.2,0,2021/12/12,C0X180
19.3,8,0,2021/12/12,C0I490
24.8,19,2,2021/12/12,C0Z190
23.1,14.6,0,2021/12/12,C0Z070
24.6,15.4,0,2021/12/12,C0D570
23.5,19.6,8,2021/12/12,C0S730
23.8,19.9,0,2021/12/12,C0G770
25.2,19.9,0,2021/12/12,C0AH70
23.3,18.1,0,2021/12/12,C0G870
21.9,17.5,0,2021/12/12,C0F000
25.5,17.1,0,2021/12/12,C0M770
18.3,9.1,0,2021/12/12,C0U720
26.8,16.3,0,2021/12/12,C0V800
28.3,14.3,0,2021/12/12,C0M410
22.8,18.7,0,2021/12/12,C0F9R0
24.4,16.6,0,2021/12/12,C0U900
22.4,16.6,0,2021/12/12,C0R600
23.5,17.3,0,2021/12/12,C0X280
28,14.1,0,2021/12/12,CM0180
28.3,16,0,2021/12/12,C0R170
28,17.1,0,2021/12/12,C0V450
25.2,17.8,0,2021/12/12,C0AC80
23.6,14.1,0,2021/12/12,C0F0B0
22.8,15.6,0,2021/12/12,C0E540
26.4,16.6,0,2021/12/12,C0I380
27,15.2,0,2021/12/12,C0X050
23.5,17.7,0,2021/12/12,C0K520
23.9,16.9,0,2021/12/12,C0K440
23.8,16.8,14,2021/12/12,C0A660
27.3,14.7,0,2021/12/12,C0O990
24.6,19.6,0,2021/12/12,C0S960
24.5,17,0,2021/12/12,C0Z180
27,21,0,2021/12/12,C0R320
25.9,16,0,2021/12/12,C0K470
29.7,17.8,0,2021/12/12,C0R150
26.6,15.5,0,2021/12/12,C0O860
26.1,17.4,0,2021/12/12,C0G650
26.6,18.4,0,2021/12/12,C0C480
22.2,19.1,0,2021/12/12,C0C620
27.2,16.1,0,2021/12/12,C0V530
24.1,18.6,7,2021/12/12,C0AH00
25.8,16.9,0,2021/12/12,C0X260
24.8,17.8,0,2021/12/12,C0G720
25.3,17.2,0,2021/12/12,C0K330
24.3,18.2,4,2021/12/12,C0B010
20.6,13.1,0,2021/12/12,C0F0C0
23.3,15,0,2021/12/12,C0E550
27.6,17,0,2021/12/12,C0R660
21.2,17.8,0,2021/12/12,C0C660
22.3,16.1,0,2021/12/12,C0T9B0
20.5,8.1,0,2021/12/12,C0H9A0
26.7,14.8,0,2021/12/12,C0M700
26.4,17.5,0,2021/12/12,C0M760
7.9,0.3,0,2021/12/12,C0F0A0
28.3,17.3,0,2021/12/12,C0R540
25.8,22.4,0,2021/12/12,C0S900
18.2,12.4,1,2021/12/12,C0UA40
13.4,7.3,3,2021/12/12,C0U960
25.4,19.4,0,2021/12/12,C0V500
8,2.9,0,2021/12/12,C0H9C0
24,14.9,0,2021/12/12,C0Z280
28,14.4,0,2021/12/12,C0O930
25,16.3,0,2021/12/12,C0F9A0
20,11.9,0,2021/12/12,C0R100
24.7,15.6,0,2021/12/12,C0SA10
26.6,18.3,0,2021/12/12,C0G880
24.6,12.1,0,2021/12/12,C0I370
26,19.1,0,2021/12/12,C0AG80
27.1,16.4,0,2021/12/12,C0R590
21.3,12.7,0,2021/12/12,C0FA00
27.9,14.1,0,2021/12/12,C0V350
28,18.1,0,2021/12/12,C0V720
13.8,3.3,0,2021/12/12,C0S750
24.7,17.2,0,2021/12/12,C0K410
11.8,8.6,0,2021/12/12,C0R440
25.3,17,0,2021/12/12,C0K400
20,8.8,0,2021/12/12,C0I010
26.2,20.4,0,2021/12/12,C0AD30
25.3,18.9,0,2021/12/12,C0F9U0
25.2,19,0,2021/12/12,C0X190
23,19.6,0,2021/12/12,C0AD10
25.1,14.5,0,2021/12/12,C0Z210
21.6,18.6,1.5,2021/12/12,C0R760
28.3,15.9,0,2021/12/12,CM0160
21.3,18.4,0,2021/12/12,C0S770
27.9,18.8,5,2021/12/12,C0Z310
19.6,11.9,0,2021/12/12,C0Z050
26.6,16.6,0,2021/12/12,C0I410
24,13.4,0,2021/12/12,C0D430
19.3,17.6,0.5,2021/12/12,C0A920
28.7,16.6,0,2021/12/12,C0V310
24.7,17.6,0,2021/12/12,C0K460
25.5,17.3,0,2021/12/12,C0G840
25.4,15.5,0,2021/12/12,C0K250
22.3,19.5,0,2021/12/12,CM0120
24.2,19.2,0,2021/12/12,C0G910
24.5,16,0,2021/12/12,C0X230
26.8,19.2,0,2021/12/12,C0S940
25.8,16.6,0,2021/12/12,C0K490
15.7,4.2,0,2021/12/12,C0F860
24.5,11.1,2,2021/12/12,C0Z320
24.9,17.3,0,2021/12/12,C0K420
22.5,18.3,0,2021/12/12,C0F9P0
25.6,16.3,0,2021/12/12,C0G760
24,16.5,0,2021/12/12,C0E750
25.9,17.9,0,2021/12/12,C0AD40
18.9,11.9,0,2021/12/12,C0AH90
24.2,12.7,0.5,2021/12/12,C0T870
24.7,21.6,0,2021/12/12,C0S910
25.3,18.9,0,2021/12/12,C0F9O0
25.6,16.5,0,2021/12/12,C0G820
27.8,16.7,0,2021/12/12,C0R580
23.5,18.4,0,2021/12/12,C0G800
25.7,15,0,2021/12/12,C0R820
20.3,16.2,53.5,2021/12/12,C0A860
18.2,15.5,0,2021/12/12,C0W170
25.3,16.3,0,2021/12/12,C0M720
27.9,18,0,2021/12/12,C0V680
25.7,18.7,0,2021/12/12,C0G860
25.8,16.8,0,2021/12/12,C0M780
27.5,15.9,0,2021/12/12,C0O970
23.3,14.2,0,2021/12/12,C0M850
26.5,18.6,0,2021/12/12,C0V620
26.3,17.8,0,2021/12/12,C0SA60
20.8,18.3,0,2021/12/12,C0D650
24.2,17.4,0,2021/12/12,C0T9F0
23.7,17.2,0,2021/12/12,C0F9L0
24.3,15.1,0,2021/12/12,C0Z160
24.5,16.4,4,2021/12/12,C0Z150
24.2,16.7,0,2021/12/12,C0U890
25.6,17.5,0,2021/12/12,C0X120
25.3,16.7,0.5,2021/12/12,C0U760
26.6,18.1,0,2021/12/12,C0R700
25.1,13.5,0,2021/12/12,C0Z061
20.5,10.4,0,2021/12/12,C0M820
27,14.9,0,2021/12/12,C0O980
24.2,19.5,0,2021/12/12,C0SA30
24.6,14.4,0,2021/12/12,C0M800
27.5,18.6,0,2021/12/12,C0V750
24.2,17.3,12.5,2021/12/12,C0A880
21.2,17.8,0,2021/12/12,C0A570
24.9,20.3,0,2021/12/12,C0AI30
9.7,1.8,0,2021/12/12,C0F9Z0
26.1,21.8,0,2021/12/12,C0R670
9.5,2.4,0,2021/12/12,C0I530
25.6,18,0,2021/12/12,C0U770
23.1,18.8,0.5,2021/12/12,C0R280
26.5,13.7,0,2021/12/12,C0X060
25.3,17,0,2021/12/12,C0O950
22.7,16,0,2021/12/12,C0U650
25.1,16.1,29,2021/12/12,C0A890
23,15.6,0,2021/12/12,C0E420
18.1,16.3,0,2021/12/12,C0W160
28.4,17.8,0,2021/12/12,C0R560
21.6,16.9,0,2021/12/12,C0R750
26.6,19.1,0,2021/12/12,C0V670
25.7,17.2,0,2021/12/12,C0M640
26,13.6,0,2021/12/12,C0I420
27.2,17,0,2021/12/12,C0O810
19.3,13.8,0,2021/12/12,C0E610
24.9,18,0,2021/12/12,C0G660
24.6,16,0,2021/12/12,C0T900
26.5,19.9,0,2021/12/12,C0V690
23.9,18.7,0,2021/12/12,C0F9T0
23.4,18.6,0,2021/12/12,C0G640
29,14.4,0,2021/12/12,C0V260
26.1,19.8,0,2021/12/12,C0A9E0
24.6,17.9,0,2021/12/12,C0R340
24.1,16.9,0,2021/12/12,C0U780
24.2,16.7,0,2021/12/12,C0T9I0
6.5,-0.1,0,2021/12/12,C0I540
25.5,18.1,0,2021/12/12,C0F9M0
27.9,16.7,0,2021/12/12,C0R650
24,15.8,0,2021/12/12,C0SA80
28.4,17.5,0,2021/12/12,C0R220
22.2,15,3,2021/12/12,C0UA60
27.1,18.9,0,2021/12/12,C0R810
25.6,18.8,2,2021/12/12,C0A970
21.1,17.6,0,2021/12/12,C0C690
21.4,17.5,0,2021/12/12,C0SA90
25,13,0,2021/12/12,C0H890
13.6,5.5,0,2021/12/12,C0U710
23.7,18,0,2021/12/12,C0C680
28.6,18.6,0,2021/12/12,C0R270
24.9,21.3,0,2021/12/12,C0R620
24,17.9,0.5,2021/12/12,C0S790
22.5,12.6,0,2021/12/12,C0D360
20.8,14.5,0,2021/12/12,C0S700
27.9,17.4,0,2021/12/12,C0R520
26.4,18,0,2021/12/12,C0AI00
21.2,15.2,0.5,2021/12/12,C0T9A0
28.5,15.1,0,2021/12/12,C0R550
21,17.9,0,2021/12/12,C0D590
26,16.7,0,2021/12/12,C0M680
21.2,16.9,1,2021/12/12,C0R840
25.2,20.2,0,2021/12/12,CM0140
19.7,13.9,8,2021/12/12,C0A550
26.7,14.2,0,2021/12/12,C0V250
24.1,15.9,0,2021/12/12,C0A530
24.3,14.1,0,2021/12/12,C0E740
20.9,15.6,0,2021/12/12,C0T9G0
24.6,16.9,0,2021/12/12,C0M650
26.3,21,0,2021/12/12,C0R350
23.7,16.4,0,2021/12/12,C0A640
25,17.3,0,2021/12/12,C0K390
20.9,7.9,0,2021/12/12,C0I390
25.6,21.1,2.5,2021/12/12,C0R680
25.3,19.2,0,2021/12/12,C0X100
26,15.3,0,2021/12/12,C0Z100
24.3,16.6,0,2021/12/12,C0E780
6.1,0.9,0,2021/12/12,C0F0E0
25.8,21.3,0,2021/12/12,C0R740
22.1,17.7,0,2021/12/12,C0D660
11.3,0.8,0,2021/12/12,C0F0D0
21.8,18.2,0,2021/12/12,C0C700
24.1,13.7,0,2021/12/12,C0Z170
25.9,17.8,0,2021/12/12,C0U600
23.5,14.8,0,2021/12/12,C0R130
22.7,18.9,0,2021/12/12,C0G890
23,20.1,0,2021/12/12,C0R720
22.1,15.7,44,2021/12/12,C0UA70
23.1,13.3,0,2021/12/12,C0E820
23.4,14.6,0,2021/12/12,C0E850
28.3,17.8,0,2021/12/12,C0V440
16.9,10.1,6.5,2021/12/12,C0Z250
26.8,15.3,0,2021/12/12,C0X080
21.9,18.7,0,2021/12/12,C0S990
27.8,17.5,0,2021/12/12,C0R570
27.6,15.7,0,2021/12/12,C0V790
23.4,16.1,0,2021/12/12,C0E730
21.7,15.5,0,2021/12/12,C0T9E0
17.5,8.2,0,2021/12/12,C0S760
25.7,20.6,0,2021/12/12,C0A9C0
26.4,15,0,2021/12/12,C0C710
28.6,18.5,0,2021/12/12,C0R530
25.4,9.4,0,2021/12/12,C0V210
22.3,15.8,0,2021/12/12,C0S950
23.1,18.7,0,2021/12/12,C0X290
25.1,17.7,0,2021/12/12,C0C490
25.9,17.2,0,2021/12/12,C0F9V0
25.3,16.8,0,2021/12/12,C0M660
26.9,15.2,0,2021/12/12,C0V820
23.1,15.7,0,2021/12/12,C0E870
21,10.1,0,2021/12/12,C0S660
23.8,16.4,3,2021/12/13,C0Z200
19.4,16.5,0,2021/12/13,C0D650
27.5,17.8,0,2021/12/13,C0V530
19.7,15,0.5,2021/12/13,C0U750
12.8,1.7,0,2021/12/13,C0T790
26.5,18.1,0,2021/12/13,C0X160
26.6,13.5,0,2021/12/13,C0V820
24.4,17.5,0,2021/12/13,C0K510
18.6,15.5,61,2021/12/13,C0A920
25,18.1,7.5,2021/12/13,C0R340
23.3,14.1,0,2021/12/13,C0T870
26.4,16.4,0,2021/12/13,C0F9N0
25.5,18.3,0,2021/12/13,C0V650
18.3,13.5,72,2021/12/13,C0UA70
21.9,15.5,0,2021/12/13,C0T9A0
24.3,19.1,0,2021/12/13,C0Z190
26.9,20.9,0,2021/12/13,C0R320
21.4,17.8,6,2021/12/13,C0A520
25.3,20.2,0,2021/12/13,C0S960
25.7,17.3,0,2021/12/13,C0S920
28.1,18.2,0,2021/12/13,C0V440
19.9,9.6,0,2021/12/13,C0I010
27.4,16.9,0,2021/12/13,C0O980
19.8,17,33.5,2021/12/13,C0AH00
25.3,14.1,0,2021/12/13,C0Z220
25.8,18.5,0,2021/12/13,C0V620
24.4,16,2,2021/12/13,C0Z061
26.6,15.2,0,2021/12/13,C0G760
25.7,17.9,0.5,2021/12/13,C0T9F0
26.2,16.2,0,2021/12/13,C0M760
26.9,15.4,0,2021/12/13,C0H960
25.7,17.8,0,2021/12/13,C0O950
19.3,14.3,13.5,2021/12/13,C0A530
22.2,16.7,6.5,2021/12/13,C0A970
20.7,18,2.5,2021/12/13,C0ACA0
27.2,15.8,0,2021/12/13,C0X210
15.2,11.9,74.5,2021/12/13,C0AH30
17,15.2,0,2021/12/13,C0W110
25.2,14.3,0,2021/12/13,C0S740
26.2,17.5,0,2021/12/13,C0X120
25.8,15.6,0,2021/12/13,C0M640
24,17.6,5,2021/12/13,C0U970
17.3,14.4,0,2021/12/13,C0W170
22.3,14.5,1.5,2021/12/13,C0U870
23.7,18,0,2021/12/13,C0E590
23.7,19.9,7,2021/12/13,C0R790
25.8,14.6,0,2021/12/13,C0M860
9.8,-0.8,2.5,2021/12/13,C0F0D0
26.1,19.1,1,2021/12/13,C0S840
19.2,12.8,71.5,2021/12/13,C0UA50
26.8,20.4,0,2021/12/13,C0R810
27.5,17.5,0,2021/12/13,C0R490
21.6,14.1,0,2021/12/13,C0D540
23.4,17.9,0,2021/12/13,C0G730
25.5,18,7.5,2021/12/13,C0S810
24.8,16.1,0,2021/12/13,C0F970
24,19.5,0,2021/12/13,C0G770
18.1,15.6,5,2021/12/13,C0AH50
26,18.5,0,2021/12/13,C0V670
26.5,21.3,0,2021/12/13,C0R670
9.8,0.4,0,2021/12/13,C0H990
22.9,19.3,2,2021/12/13,C0S910
24.6,16.9,1.5,2021/12/13,C0U990
27,18.2,0,2021/12/13,C0V760
27,17.2,0,2021/12/13,C0V770
23.5,14.6,2.5,2021/12/13,C0Z020
26.1,14.3,0,2021/12/13,C0I410
21.9,12.9,0,2021/12/13,C0FA00
24.8,17.5,1.5,2021/12/13,C0U770
25.4,13.1,0,2021/12/13,C0V210
25.6,18.1,0.5,2021/12/13,C0T9M0
26.3,16.6,0,2021/12/13,C0M690
18.3,12,0,2021/12/13,C0M810
18.5,11.7,0,2021/12/13,C0E610
27.4,14.6,0,2021/12/13,C0X300
24.2,18.1,0,2021/12/13,C0M750
28.1,15.1,0,2021/12/13,C0O930
14.6,4.1,0.5,2021/12/13,C0S750
25,11.4,0,2021/12/13,C0I370
21.4,17,0.5,2021/12/13,C0Z270
27,16.9,0,2021/12/13,C0O960
27.8,18,0,2021/12/13,C0R580
14.4,6,2.5,2021/12/13,C0U710
25.2,15.8,0,2021/12/13,C0K480
26.9,15.5,0,2021/12/13,C0I110
28.6,18.7,0,2021/12/13,C0R220
25,16.2,2,2021/12/13,C0Z280
26.7,15.5,0,2021/12/13,C0V370
26,14.8,0,2021/12/13,C0SA40
24.1,17.4,1,2021/12/13,C0T9I0
24.5,15.9,1.5,2021/12/13,C0Z170
25.6,14.6,0,2021/12/13,C0F9V0
29.1,16,0,2021/12/13,C0M730
24,17.8,0,2021/12/13,C0S830
20.5,16.7,9,2021/12/13,C0AD40
23.4,18.7,0,2021/12/13,C0G740
21.9,16.7,1,2021/12/13,C0AC60
25.7,17.2,0,2021/12/13,C0F9S0
22.3,17.8,16.5,2021/12/13,C0A9C0
28.2,14.9,0,2021/12/13,C0V350
25,12.7,0,2021/12/13,C0F850
25.3,16.6,0,2021/12/13,C0Z100
21.9,15.8,0,2021/12/13,C0T9B0
19.9,17.2,16,2021/12/13,C0AD10
28.9,15.9,0,2021/12/13,C0X320
26.6,12.9,0,2021/12/13,C0I420
26.7,14.2,0,2021/12/13,C0M700
18.9,9.3,7,2021/12/13,C0U720
25.7,15.1,0,2021/12/13,C0M520
26,16.4,0,2021/12/13,C0X230
18.8,13.2,0,2021/12/13,C0E880
28.7,17.6,0,2021/12/13,C0V310
25.2,17.5,0,2021/12/13,C0G810
19.8,15.6,1,2021/12/13,C0C630
23.5,18.5,0,2021/12/13,C0K291
24.4,19.9,1.5,2021/12/13,C0R710
28.1,19.7,0,2021/12/13,C0R270
26.8,19.2,0,2021/12/13,C0R640
28,17.7,0,2021/12/13,C0R510
23.9,17.2,0,2021/12/13,C0T9D0
20.6,16.6,0,2021/12/13,C0D390
26.1,18.6,0,2021/12/13,C0X110
26.7,13.7,0,2021/12/13,C0V250
20,15.1,1,2021/12/13,C0D480
25,17.8,0,2021/12/13,C0V500
25,19.8,5,2021/12/13,C0S970
21,8.8,0,2021/12/13,C0H9A0
26.3,16.5,0,2021/12/13,C0V790
23,18,6.5,2021/12/13,C0R280
19.6,16.5,9,2021/12/13,C0B020
23.9,14.8,0,2021/12/13,C0F9Q0
22.2,18.9,0,2021/12/13,C0F9P0
27.4,16.7,0,2021/12/13,C0G880
22,19.6,0,2021/12/13,CM0120
21.5,8.8,0,2021/12/13,C0I390
24.4,18.7,5,2021/12/13,C0SA30
21.3,12.5,0,2021/12/13,C0E820
23.8,18,0,2021/12/13,C0G750
25.1,14.5,0,2021/12/13,C0M800
26.6,17.5,0,2021/12/13,C0X150
20.3,17.3,7.5,2021/12/13,C0A950
23.4,18.6,0,2021/12/13,C0G640
19.3,15.7,1.5,2021/12/13,C0C650
20,14.9,20,2021/12/13,C0A890
28,14.8,0,2021/12/13,C0O830
29.2,15.8,0,2021/12/13,C0V360
24.7,14.5,0,2021/12/13,C0R130
24.7,16.8,6.5,2021/12/13,C0U940
26.4,17.8,0,2021/12/13,C0X140
21.8,14.3,0,2021/12/13,C0UA60
21.5,14,10,2021/12/13,C0U980
21.7,14,0,2021/12/13,C0K240
22.5,17,1.5,2021/12/13,C0S770
25.6,17.9,0,2021/12/13,C0S790
21.4,17.9,0.5,2021/12/13,C0AH10
26.5,16.9,0,2021/12/13,C0M780
25.7,16.6,0,2021/12/13,C0M740
21.6,15.8,0,2021/12/13,C0T9E0
27.4,16.5,0,2021/12/13,C0X180
21.5,18.7,0,2021/12/13,C0E540
22.3,18.9,0,2021/12/13,C0G890
26.2,21,0,2021/12/13,C0R700
22.5,18.3,13.5,2021/12/13,C0AI40
26.5,18.8,0,2021/12/13,C0V690
27.6,16.7,0,2021/12/13,C0X080
21.8,18.5,0,2021/12/13,C0F9K0
20.3,14.7,0.5,2021/12/13,C0C710
15.4,4,0,2021/12/13,C0F860
22.9,16.1,2,2021/12/13,C0Z070
22.9,16.8,0,2021/12/13,C0W150
22.1,18,0,2021/12/13,C0E740
24.2,18.2,0,2021/12/13,C0F9T0
20.3,10.3,0,2021/12/13,C0M530
26,18.6,0.5,2021/12/13,C0S940
27.5,15.8,0,2021/12/13,C0V740
23.9,17.8,0,2021/12/13,C0Z180
16.4,13.2,74.5,2021/12/13,C0A870
27.6,14.2,0,2021/12/13,C0K560
21.8,14,0,2021/12/13,C0W140
21.7,14.8,0,2021/12/13,C0I090
26,19,0,2021/12/13,C0V710
24.2,15,0,2021/12/13,C0F9A0
18.8,15.3,109,2021/12/13,C0A930
25.5,20.7,2.5,2021/12/13,C0R680
24,17.2,0,2021/12/13,C0Z160
22.5,19.4,0,2021/12/13,C0G900
25.5,19.8,0,2021/12/13,C0R730
27.8,16.7,0,2021/12/13,C0R820
21.3,16.7,0.5,2021/12/13,C0AD50
21.8,16,0,2021/12/13,C0R140
22.6,16.6,2,2021/12/13,C0U890
26,16.2,0,2021/12/13,C0M790
21.7,17.5,14.5,2021/12/13,C0R830
27.1,17.6,0,2021/12/13,C0X170
20.2,10.9,0,2021/12/13,C0D360
27.2,17.8,0,2021/12/13,C0V730
26,15,0,2021/12/13,C0I460
22.1,16.4,0,2021/12/13,C0S950
28,18.1,0,2021/12/13,C0R560
14.7,11.2,20.5,2021/12/13,C0U950
19.7,12.8,0.5,2021/12/13,C0Z050
19.4,16.8,74,2021/12/13,C0B010
24.7,12.3,1,2021/12/13,C0Z320
26.5,17,0,2021/12/13,C0X250
24.3,20.8,10.5,2021/12/13,C0S900
20.4,17.3,7,2021/12/13,C0AC70
19.2,15.6,5,2021/12/13,C0C680
23.4,15,0.5,2021/12/13,C0T9N0
21.4,15.7,0,2021/12/13,C0E850
26.5,14.1,0,2021/12/13,C0G620
21.9,15.7,0,2021/12/13,C0D430
25.5,18.5,0,2021/12/13,C0F9O0
25.1,16.6,0,2021/12/13,C0SA10
27.2,18.5,0,2021/12/13,C0R540
22.5,17.2,21,2021/12/13,C0U910
21.2,16.7,0,2021/12/13,C0D580
20.2,17.8,0,2021/12/13,C0D660
21.1,13,6.5,2021/12/13,C0A560
23,16.9,0,2021/12/13,C0F9I0
21.8,17.8,8,2021/12/13,C0R760
21.3,13.7,2.5,2021/12/13,C0AH90
25.2,19.8,0.5,2021/12/13,C0R770
25.6,15.4,0,2021/12/13,C0M660
29.2,17.9,0,2021/12/13,C0R550
26.2,12.1,0,2021/12/13,C0H890
8.1,-0.4,0,2021/12/13,C0I530
15.3,6.1,37,2021/12/13,C0UA10
23.3,18.8,0,2021/12/13,C0G870
27.3,16.7,0,2021/12/13,C0R480
22.6,17.2,0,2021/12/13,C0F9X0
23.2,18.3,0,2021/12/13,C0X310
15.4,9,0,2021/12/13,C0S760
22.4,16.5,0,2021/12/13,C0F930
27.2,17.7,0,2021/12/13,C0V400
26.5,14.3,0,2021/12/13,C0K470
25.6,19.2,0,2021/12/13,C0V490
20.9,11.3,0,2021/12/13,C0T820
15.4,6,22.5,2021/12/13,C0U960
27.4,15.7,0,2021/12/13,C0X050
25.7,17.5,0,2021/12/13,C0K250
21.8,17.8,6,2021/12/13,C0A9E0
13.8,7.3,0,2021/12/13,C0D550
19.9,16.6,1,2021/12/13,C0C490
25.2,16.5,0,2021/12/13,C0K420
21.7,18.1,3.5,2021/12/13,C0AH70
22.3,18.8,0,2021/12/13,C0K530
28.2,13.6,0,2021/12/13,CM0160
21.7,18.1,0,2021/12/13,C0E870
19.1,16.3,43.5,2021/12/13,C0AD00
18.9,15.6,2,2021/12/13,C0C670
6.1,-2.3,0,2021/12/13,C0I540
25.4,17.3,0,2021/12/13,C0SA80
25,18,0,2021/12/13,C0K280
19.9,13.1,0,2021/12/13,C0R100
19.7,17.5,7.5,2021/12/13,C0AI20
23.9,19.1,10,2021/12/13,C0S730
24.6,17.5,0,2021/12/13,C0K550
26.7,15.8,0,2021/12/13,C0X200
25.8,18.8,0,2021/12/13,C0V700
19.6,13.5,5,2021/12/13,C0S980
27.9,15,0,2021/12/13,C0O810
23.9,17.9,0,2021/12/13,C0Z150
22.2,13.9,23,2021/12/13,C0U650
8.4,-0.9,0,2021/12/13,C0F9Z0
23.1,16.5,8.5,2021/12/13,C0U780
24.8,18.5,0,2021/12/13,C0G910
27.2,16.9,0,2021/12/13,C0O860
22.1,18.3,0,2021/12/13,C0E830
26.8,17.1,0,2021/12/13,C0O900
28.8,17,0,2021/12/13,C0R240
24.2,13.8,4,2021/12/13,C0UA00
23.7,17.9,0,2021/12/13,C0K520
27.9,16.1,0,2021/12/13,C0O970
18.5,14.3,35,2021/12/13,C0AH40
24.4,17,4.5,2021/12/13,C0U600
19.4,9.4,0,2021/12/13,C0I490
25.4,16,0,2021/12/13,C0K460
26.3,16.6,0,2021/12/13,C0X260
15.9,9.7,1.5,2021/12/13,C0UA30
21.7,19.9,0,2021/12/13,C0W120
27.7,18.7,0,2021/12/13,C0SA60
14,10,28.5,2021/12/13,C0AC40
21.2,16.5,7,2021/12/13,C0R840
17.4,14.3,157.5,2021/12/13,C0A860
27,20.6,0,2021/12/13,C0R740
27.4,13.9,0,2021/12/13,C0M410
24,17.5,0,2021/12/13,C0X280
28.7,17.7,0,2021/12/13,C0R170
18.8,15.7,3,2021/12/13,C0C690
19.1,16.3,1.5,2021/12/13,C0C660
23.9,18.3,0,2021/12/13,C0G800
24.3,17.7,0,2021/12/13,C0K430
24.7,16.7,0,2021/12/13,C0S930
14,3.4,0,2021/12/13,C0I480
20.9,11.2,0,2021/12/13,C0S660
26.2,12.3,0,2021/12/13,C0H950
27,17.7,0,2021/12/13,C0G650
24.9,17.3,0,2021/12/13,C0F9M0
28.7,18.1,0,2021/12/13,C0V450
23.7,13.2,0,2021/12/13,C0I080
20,12.8,1.5,2021/12/13,C0C460
20.9,18.1,0,2021/12/13,C0D570
25.6,15.1,0,2021/12/13,C0I360
25.8,19.9,2,2021/12/13,C0R800
28.5,18.1,0,2021/12/13,C0R260
23,13.4,0,2021/12/13,C0F0B0
22,15,3.5,2021/12/13,C0Z330
21.5,18.6,6,2021/12/13,C0AD30
14.7,10.3,0.5,2021/12/13,C0R440
23.7,19.1,2.5,2021/12/13,C0R720
24,15.2,0,2021/12/13,C0M850
21.4,17.4,0,2021/12/13,C0S690
20.7,16.4,4,2021/12/13,C0AI10
25.9,15.9,0,2021/12/13,C0M770
17.8,16.6,0,2021/12/13,C0W160
23.2,18.6,0,2021/12/13,C0X290
23.5,18.7,0,2021/12/13,C0Z230
27.2,16.9,0,2021/12/13,C0V800
27.7,16.8,0,2021/12/13,C0R590
21.8,18.5,3,2021/12/13,C0AI30
24.6,18.3,13,2021/12/13,C0R690
26,15.8,0,2021/12/13,C0K400
25.8,16.4,0,2021/12/13,C0K330
23.3,14.5,3.5,2021/12/13,C0T9H0
24,18.4,0,2021/12/13,C0M710
9.1,1,0,2021/12/13,C0H9C0
22.8,18.7,0,2021/12/13,C0F9R0
26.1,21.1,0,2021/12/13,C0R350
25.4,18.8,0,2021/12/13,C0F9U0
21.9,16.3,0,2021/12/13,C0E550
25.7,20,2,2021/12/13,CM0140
27.3,17.7,0,2021/12/13,C0V660
19.7,14.1,0,2021/12/13,C0SA20
26.8,18.3,0,2021/12/13,C0V640
23.2,17.4,8,2021/12/13,C0U860
25.2,15.7,0,2021/12/13,C0K450
22.7,18.1,0,2021/12/13,C0E750
25.7,16.9,0,2021/12/13,C0G840
27,19.4,0,2021/12/13,C0R530
28.1,18,0,2021/12/13,C0R650
23.4,16,10,2021/12/13,C0SA90
23.8,16.2,0,2021/12/13,C0E790
25.1,16.6,0,2021/12/13,C0K390
24.4,20.3,1.5,2021/12/13,C0R780
21.6,16.1,5.5,2021/12/13,C0AI00
25.4,15.4,0,2021/12/13,C0M720
10.9,-1.6,0,2021/12/13,C0F9Y0
26.9,16,0,2021/12/13,C0I380
28.2,16.9,0,2021/12/13,C0R190
21.8,15.3,0,2021/12/13,C0S700
15.6,11.2,22.5,2021/12/13,C0UA40
26,15.3,0,2021/12/13,C0S890
23.8,15.7,0,2021/12/13,C0Z300
22.2,16.2,0,2021/12/13,C0F000
25.1,16.6,36,2021/12/13,C0U760
16.7,12.6,49.5,2021/12/13,C0A550
26.7,16,0,2021/12/13,C0O840
25,17.4,0,2021/12/13,C0K410
27.8,16.4,0,2021/12/13,C0R160
20.2,16.8,2,2021/12/13,C0C620
26.4,15.8,0,2021/12/13,C0K580
18.4,13.3,8,2021/12/13,C0Z290
20.7,16.6,43,2021/12/13,C0A880
23.5,16.8,3,2021/12/13,C0U900
25,17.6,0,2021/12/13,C0K500
28.2,18,0,2021/12/13,C0R570
25.2,13.5,0,2021/12/13,C0X240
23.8,16.9,0,2021/12/13,C0F9L0
22.3,17,0,2021/12/13,C0R600
27.8,18.4,0,2021/12/13,C0V750
20.1,17.6,7.5,2021/12/13,C0A980
27.6,16.4,0,2021/12/13,C0X060
24.8,18.3,0,2021/12/13,C0V630
26.8,16.6,0,2021/12/13,C0R470
21.6,17.9,7.5,2021/12/13,C0A9F0
25.8,18.9,0,2021/12/13,C0R660
23.1,20.4,0,2021/12/13,C0W130
21.8,14.2,7,2021/12/13,C0U520
24,11.6,0,2021/12/13,C0E520
18.9,13.5,26,2021/12/13,C0A650
28.2,19.1,0,2021/12/13,C0V720
26.1,16.3,0,2021/12/13,C0G820
25.9,18.5,0,2021/12/13,C0Z310
25.1,17.1,0,2021/12/13,C0M650
26.4,16.9,0,2021/12/13,C0M680
8.2,1.8,0,2021/12/13,C0I520
16.2,11.4,16,2021/12/13,C0Z250
21.6,12.2,0,2021/12/13,C0M820
28.5,18.1,0,2021/12/13,C0R520
23.9,15.9,0,2021/12/13,C0SA00
25.1,17.4,0,2021/12/13,C0G660
23.6,17.1,0,2021/12/13,C0E780
26.4,14.6,0,2021/12/13,C0K490
23.9,16.4,2,2021/12/13,C0T900
18.7,15.1,8,2021/12/13,C0A640
26.1,15.8,0,2021/12/13,C0M670
22,13.4,0,2021/12/13,C0F0C0
19.5,15.3,20.5,2021/12/13,C0A540
25,16.9,0,2021/12/13,C0G720
27.5,17.5,0,2021/12/13,C0X130
24.3,17.1,0,2021/12/13,C0X220
21.2,16.6,5.5,2021/12/13,C0C480
21,14.5,2.5,2021/12/13,C0T9G0
19.4,14.7,13,2021/12/13,C0A570
19.2,16.5,0.5,2021/12/13,C0C700
19.5,16.5,0.5,2021/12/13,C0C590
18.3,15.7,82,2021/12/13,C0A660
24.3,16.4,0.5,2021/12/13,C0T960
25.2,18.1,0,2021/12/13,C0X190
24.1,15.5,5.5,2021/12/13,C0Z210
24.1,19.4,0,2021/12/13,C0G780
28,17.5,0,2021/12/13,C0O990
23.6,15.9,0,2021/12/13,C0S710
10.5,2.9,11,2021/12/13,C0UA20
27.1,17.3,0,2021/12/13,C0V680
27.5,15.8,0,2021/12/13,CM0180
22.6,17.2,5,2021/12/13,C0S990
25.1,19.9,2,2021/12/13,C0R620
29.1,18.7,0,2021/12/13,C0R150
24.8,18.5,0,2021/12/13,C0V810
26.8,17,0,2021/12/13,C0G860
24.8,16,6,2021/12/13,C0Z080
5.5,-3.6,0,2021/12/13,C0F0A0
21.6,16.4,6,2021/12/13,C0R750
22.3,17.5,0,2021/12/13,C0E810
20.5,16.8,0.5,2021/12/13,C0C540
20,16.9,1,2021/12/13,C0AC80
28.9,14.6,0,2021/12/13,C0V260
24.4,17.1,0,2021/12/13,C0K440
24.9,17.1,0,2021/12/13,C0V610
22,16.7,2,2021/12/14,C0Z280
21.7,16.5,0,2021/12/14,C0T9N0
23.5,17.5,0,2021/12/14,C0F9M0
20.8,17.5,0.5,2021/12/14,C0S990
20.1,17.3,0.5,2021/12/14,C0R830
19.2,12.8,0,2021/12/14,C0E820
26.9,17.9,0,2021/12/14,C0R560
24.6,16.3,0,2021/12/14,C0M780
15,13.3,31.5,2021/12/14,C0U520
21.1,18.9,6,2021/12/14,C0S730
26.6,15.6,0,2021/12/14,C0O930
20.5,18.1,0,2021/12/14,CM0120
16.5,13.6,1.5,2021/12/14,C0T9H0
21.2,16.1,0,2021/12/14,C0F9X0
24.7,15.3,0,2021/12/14,C0K490
23.9,17,0,2021/12/14,C0G810
18,16.4,17,2021/12/14,C0U600
16.4,14.6,13,2021/12/14,C0UA00
22.3,16.9,0,2021/12/14,C0Z300
22.6,16.5,0,2021/12/14,C0K510
18.6,17.1,1,2021/12/14,C0AH10
21.7,15,0,2021/12/14,C0R130
12.3,8.7,0,2021/12/14,C0S760
18.4,16.5,1,2021/12/14,C0C540
24.4,19.7,0,2021/12/14,C0R730
18.5,13.6,0.5,2021/12/14,C0Z320
26,17,0,2021/12/14,C0V770
24,12.4,0,2021/12/14,C0I370
22.5,14.1,0,2021/12/14,C0F850
23.7,16.7,0,2021/12/14,C0M790
23.8,14.7,0,2021/12/14,C0I360
26.2,17.2,0,2021/12/14,C0R260
19.6,14.1,0.5,2021/12/14,C0Z330
10.9,8.8,16.5,2021/12/14,C0UA30
18.9,15.9,3.5,2021/12/14,C0C490
25.8,17.9,0,2021/12/14,C0V620
26.1,16.5,0,2021/12/14,C0V740
13.2,12,115.5,2021/12/14,C0UA50
22.5,13,0,2021/12/14,C0I080
23.3,20.5,0,2021/12/14,CM0140
27.5,17.4,0,2021/12/14,C0R150
24.6,15.9,0,2021/12/14,C0I460
25.2,16.6,0,2021/12/14,C0X080
20.1,18.4,0,2021/12/14,C0W120
25.1,18.5,0,2021/12/14,C0V720
24.2,13.2,0,2021/12/14,C0H890
25.4,16.5,0,2021/12/14,C0H960
18.1,12.9,0,2021/12/14,C0Z050
24.6,17.6,0,2021/12/14,C0V630
25.2,21.6,0,2021/12/14,C0R670
19.2,15.6,2,2021/12/14,C0C710
21.4,17.3,0,2021/12/14,C0F9R0
25,17.9,0,2021/12/14,C0X110
20.5,9.5,0,2021/12/14,C0H9A0
20.8,16.7,0,2021/12/14,C0F9P0
19.2,16.7,27,2021/12/14,C0U970
18.4,15.9,1,2021/12/14,C0D650
19.7,16.6,0,2021/12/14,C0D660
20,14.2,0,2021/12/14,C0D540
22.5,17.4,0,2021/12/14,C0M750
11.3,8.9,0.5,2021/12/14,C0R440
18.2,15.8,2,2021/12/14,C0C660
19.8,11.1,0,2021/12/14,C0I490
20.3,13.5,0,2021/12/14,C0D360
22,16,0,2021/12/14,C0E750
18.9,16.1,0,2021/12/14,C0Z270
22,16.3,0,2021/12/14,C0G800
21.3,12.5,0,2021/12/14,C0M820
14.2,4,0,2021/12/14,C0I480
15.3,13.8,0,2021/12/14,C0W110
24.2,17.7,0,2021/12/14,C0F9S0
24.5,17.5,0,2021/12/14,C0S830
21.7,13.6,0,2021/12/14,C0D430
18.3,16.6,1,2021/12/14,C0C620
26.2,15.3,0,2021/12/14,C0X320
22.6,18,0,2021/12/14,C0G770
14.4,13.2,42.5,2021/12/14,C0U650
21.6,17,0,2021/12/14,C0G740
13.9,12.8,77,2021/12/14,C0A550
23.5,16.7,0,2021/12/14,C0Z100
16.2,14.5,7,2021/12/14,C0U750
19.3,13,0,2021/12/14,C0S660
16.8,14.1,0,2021/12/14,C0W160
26.3,15.3,0,2021/12/14,C0M410
25.4,17.2,0,2021/12/14,C0V800
26.1,17.1,0,2021/12/14,C0R550
26.3,17.7,0,2021/12/14,C0R650
18.4,16,1.5,2021/12/14,C0C700
15.1,13.5,22.5,2021/12/14,C0U870
21.1,18,0,2021/12/14,C0G900
2.9,-5,0,2021/12/14,C0F0A0
21.5,15.3,0,2021/12/14,C0E780
23.9,16.1,0,2021/12/14,C0M670
24.2,16,0,2021/12/14,C0K580
23.4,13.5,0,2021/12/14,C0X240
23.4,14.6,0,2021/12/14,C0F9A0
24.2,20.5,3.5,2021/12/14,C0R680
22.8,17.5,1.5,2021/12/14,C0T960
16.3,14,9,2021/12/14,C0T9G0
20.2,17,1,2021/12/14,C0A9C0
24.6,14.8,0,2021/12/14,C0I410
21.9,19.2,0.5,2021/12/14,C0R720
15.9,14.7,13.5,2021/12/14,C0A640
23.4,20.5,29,2021/12/14,C0S900
20,16.2,0,2021/12/14,C0R600
23.1,16.3,0,2021/12/14,C0F970
18.5,12.5,0,2021/12/14,C0FA00
23.8,19.7,0,2021/12/14,C0R770
25.4,15,0,2021/12/14,C0X050
7.5,-1.8,0,2021/12/14,C0F9Z0
19.3,15.9,0.5,2021/12/14,C0R840
20.9,15.4,0,2021/12/14,C0E540
25.7,16.7,0,2021/12/14,C0X170
25.8,18.5,0,2021/12/14,C0V490
25.3,16.1,0,2021/12/14,C0O960
23.4,16.4,0,2021/12/14,C0K420
26.5,17.5,0,2021/12/14,C0V760
24.5,15.8,0,2021/12/14,C0X260
25.3,15.6,0,2021/12/14,C0X180
26.3,17,0,2021/12/14,C0V680
21.9,17.8,0,2021/12/14,C0X290
17.6,16,11,2021/12/14,C0AI10
22.2,14.5,0,2021/12/14,C0F9Q0
3.3,-4.5,0,2021/12/14,C0F0E0
18.6,16.4,17.5,2021/12/14,C0U860
20.8,16.5,0,2021/12/14,C0E830
15.5,13.7,94,2021/12/14,C0A860
21.8,18.7,18,2021/12/14,C0S910
18.7,15.1,0.5,2021/12/14,C0T9B0
22.8,14.6,0,2021/12/14,C0F9V0
23,17.3,0,2021/12/14,C0SA40
22.8,18.6,0,2021/12/14,C0S810
20.7,17.7,1.5,2021/12/14,C0R760
21.6,15.6,0,2021/12/14,C0F9I0
23.6,20.6,1,2021/12/14,C0R620
19.6,16.9,6,2021/12/14,C0A9F0
25.4,20.9,0,2021/12/14,C0R350
22.4,18.1,0.5,2021/12/14,C0R690
25.5,17.8,0,2021/12/14,C0V640
27.2,17.7,0,2021/12/14,C0V440
27.9,17.3,0,2021/12/14,C0R170
21.5,16,0,2021/12/14,C0G730
19.8,17.1,0,2021/12/14,C0S690
22.8,18.5,0,2021/12/14,C0G780
19.2,16.2,2,2021/12/14,C0C480
22.5,16.5,1,2021/12/14,C0Z061
21.5,16.1,0,2021/12/14,C0E730
25.2,16.3,0,2021/12/14,C0G650
20.7,15.5,7,2021/12/14,C0T900
26.9,17.1,0,2021/12/14,C0M730
24.6,17.1,0,2021/12/14,C0V500
17.5,16.3,31,2021/12/14,C0B010
16.9,15.7,77.5,2021/12/14,C0A890
20.8,18.8,0,2021/12/14,C0W130
8.6,7.7,41.5,2021/12/14,C0UA10
24.1,20.5,0,2021/12/14,C0S970
14.6,6.8,0,2021/12/14,C0D550
19.2,17.2,3,2021/12/14,C0AH70
15.8,4.5,0,2021/12/14,C0F860
13.9,12.9,55.5,2021/12/14,C0UA70
22,17.1,0,2021/12/14,C0G870
24.9,16.9,0,2021/12/14,C0G860
17.6,16,44,2021/12/14,C0U760
24.7,19.4,0,2021/12/14,C0R700
19.5,15.9,0.5,2021/12/14,C0R750
16.5,11,0,2021/12/14,C0E610
25.2,17.4,0,2021/12/14,C0R580
5.9,-1.2,0,2021/12/14,C0H9C0
19.8,15.5,0,2021/12/14,C0W150
16.5,15.3,46.5,2021/12/14,C0A660
17.9,15.2,0.5,2021/12/14,C0C630
23.8,16.3,0,2021/12/14,C0M520
23.3,16.6,0,2021/12/14,C0G720
18.6,14.3,0,2021/12/14,C0T9A0
16.8,15.2,4,2021/12/14,C0C680
24.6,16.1,0,2021/12/14,C0X210
19.2,15.3,0,2021/12/14,C0D590
28.4,15.9,0,2021/12/14,C0V260
8.4,6.5,26.5,2021/12/14,C0U960
23.2,20.4,1,2021/12/14,C0R780
15.6,14.6,18,2021/12/14,C0A540
20.3,10.6,0,2021/12/14,C0I390
26.8,14.5,0,2021/12/14,CM0160
22,16.3,0,2021/12/14,C0D570
25.3,17.3,0,2021/12/14,C0X160
25.3,14.5,0.5,2021/12/14,C0X300
21.2,14,0,2021/12/14,C0F0B0
27.4,18.1,0,2021/12/14,C0V310
26.3,17,0,2021/12/14,C0V660
22,17.5,2.5,2021/12/14,C0Z160
20.7,13.7,0,2021/12/14,C0E550
23.1,15.7,0,2021/12/14,C0K480
24.7,21.2,0,2021/12/14,C0S840
17.7,16.6,67,2021/12/14,C0U910
23,16.1,0,2021/12/14,C0SA10
23.5,14.5,0,2021/12/14,C0K250
17.4,11.6,0,2021/12/14,C0E880
23.6,17.8,0,2021/12/14,C0F9U0
25.3,16.9,0,2021/12/14,C0X130
22.2,15.9,0,2021/12/14,C0K440
25.2,14.9,0,2021/12/14,C0G760
19.3,17.4,2,2021/12/14,C0AI30
14.4,13.3,0,2021/12/14,C0W170
25.7,18.1,0,2021/12/14,C0V700
20.3,16,0,2021/12/14,C0SA90
20.4,17.5,0,2021/12/14,C0Z230
22.1,15.2,0,2021/12/14,C0E790
11.4,10.4,41.5,2021/12/14,C0U950
22.1,18.9,0,2021/12/14,C0Z180
25.7,17.9,0,2021/12/14,C0V670
20.8,16.7,3,2021/12/14,C0AC60
17.7,12.2,0,2021/12/14,C0S980
6.2,-1.8,0,2021/12/14,C0I520
20.9,16.2,0.5,2021/12/14,C0T9F0
24.3,19.6,0,2021/12/14,C0R810
21.7,18.1,0.5,2021/12/14,C0R280
22,17.8,0,2021/12/14,C0X310
21.7,14.7,0,2021/12/14,C0E870
26,16.2,0,2021/12/14,C0R190
14.2,12.7,41.5,2021/12/14,C0A870
24.6,19.5,0,2021/12/14,C0S960
20.7,16.9,6.5,2021/12/14,C0U770
19.5,17,6,2021/12/14,C0A520
22.2,17.3,0,2021/12/14,C0K291
8,-1.6,1,2021/12/14,C0F9Y0
18,13.7,0,2021/12/14,C0SA20
25.4,15.8,0,2021/12/14,C0R820
15.2,13.7,15.5,2021/12/14,C0A530
18.3,16.4,2.5,2021/12/14,C0AC70
25,14.7,0,2021/12/14,C0I380
11.2,9.6,22,2021/12/14,C0AC40
22.1,14.1,0,2021/12/14,C0E590
18.4,11.5,0,2021/12/14,C0M810
20.7,13.2,0,2021/12/14,C0E850
22.8,16.7,0,2021/12/14,C0K410
23,20.1,1.5,2021/12/14,C0R710
19.5,10.4,0,2021/12/14,C0M530
22.8,15.7,4,2021/12/14,C0Z080
19.6,17,3,2021/12/14,C0ACA0
25.4,16.7,0,2021/12/14,C0G880
17.2,15.8,38.5,2021/12/14,C0U890
19.5,16.9,1,2021/12/14,C0A980
20.7,17,0,2021/12/14,C0A770
21.7,16.6,0,2021/12/14,C0G640
22.5,20,0.5,2021/12/14,C0R790
22.6,17.7,0,2021/12/14,C0R340
22.3,16.1,0,2021/12/14,C0K430
24.4,13,0,2021/12/14,C0H950
19.8,17.4,0.5,2021/12/14,C0AI40
25.7,17.6,0,2021/12/14,C0R520
25.1,15.8,0,2021/12/14,C0V370
20.7,17.2,0,2021/12/14,C0S770
22.4,16.3,0,2021/12/14,C0S740
18,15.9,10,2021/12/14,C0B020
25.2,13.1,0,2021/12/14,C0I420
17.2,16.1,53.5,2021/12/14,C0U940
26.3,21.1,0,2021/12/14,C0R320
17.2,16,30,2021/12/14,C0U900
25.1,18.9,0,2021/12/14,C0R640
24.6,14.9,0,2021/12/14,C0M860
22.4,16.2,0,2021/12/14,C0G750
21.3,17.3,0,2021/12/14,C0T9D0
18.6,17,0.5,2021/12/14,C0AG80
22.9,17.3,0,2021/12/14,C0F9T0
23.3,16.3,0,2021/12/14,C0K460
18.3,16.1,59,2021/12/14,C0A880
23,16.3,0,2021/12/14,C0K280
25.9,15.4,0,2021/12/14,C0O810
24.6,17.5,0,2021/12/14,C0X100
24.1,16.5,0,2021/12/14,C0K330
8.2,5.8,18,2021/12/14,C0U710
27.1,17.6,0,2021/12/14,C0R510
25.9,16.2,0,2021/12/14,C0O980
25.4,14.5,0,2021/12/14,C0V820
20.7,13.4,0,2021/12/14,C0F930
22.8,16.9,0,2021/12/14,C0X220
18.9,16.4,8,2021/12/14,C0AI20
7.7,-1.9,0.5,2021/12/14,C0F0D0
19,14.8,0,2021/12/14,C0W140
25.4,17.7,0,2021/12/14,C0V650
20,13.1,0,2021/12/14,C0R100
20.3,15,2,2021/12/14,C0D480
20.8,16.6,3.5,2021/12/14,C0Z200
21.7,18.6,0,2021/12/14,C0Z150
20.8,17.3,0,2021/12/14,C0K530
17.5,16,23,2021/12/14,C0A940
24.2,16.8,0,2021/12/14,C0S920
19.1,12.3,0,2021/12/14,C0F0C0
22.8,16.7,0,2021/12/14,C0K550
21.2,16.2,0,2021/12/14,C0D390
25.1,15.3,0,2021/12/14,C0X200
5.9,-2,0,2021/12/14,C0I540
14.4,12.9,23.5,2021/12/14,C0AH90
20.5,17.2,1,2021/12/14,C0T9I0
20.9,16.4,2,2021/12/14,C0Z070
18,15.2,1,2021/12/14,C0C670
24,15.4,0,2021/12/14,C0M770
20.8,14.6,0,2021/12/14,C0F000
25.9,17.4,0,2021/12/14,C0R590
18.4,16.1,2,2021/12/14,C0C590
24.4,17.8,0,2021/12/14,C0R540
25.9,16.9,0,2021/12/14,C0V530
24.2,11.7,0,2021/12/14,C0V210
24.6,16.2,0,2021/12/14,C0M690
23.5,16.5,0,2021/12/14,C0SA80
15.8,14.9,55.5,2021/12/14,C0A920
24,17.2,0,2021/12/14,C0G910
19.5,14,0,2021/12/14,C0E430
25,16.3,0,2021/12/14,C0O900
27,15.2,0,2021/12/14,C0O830
20.8,17.2,0,2021/12/14,C0G890
27,17.6,0,2021/12/14,C0V750
24.3,17.5,0,2021/12/14,C0X190
17,15.1,2.5,2021/12/14,C0C690
9.7,-0.9,0,2021/12/14,C0I530
18,15.4,2,2021/12/14,C0AI00
24.4,16.5,0,2021/12/14,C0X250
18.1,15.4,3.5,2021/12/14,C0C650
10.1,-0.5,0,2021/12/14,C0H990
26.9,15.8,0,2021/12/14,C0V350
20.7,16,0,2021/12/14,C0E420
20.1,13.8,0,2021/12/14,C0S700
16,14.4,21.5,2021/12/14,C0A570
13.2,10.7,6,2021/12/14,C0U720
24.9,17,0,2021/12/14,C0F9N0
25.5,18.3,0,2021/12/14,C0V710
23.9,16.5,0,2021/12/14,C0M680
17.6,16.2,5.5,2021/12/14,C0AH80
23.2,16.2,0,2021/12/14,C0S930
22.3,17.2,0,2021/12/14,C0S890
26.6,15.5,0,2021/12/14,C0O970
23.7,16.2,0,2021/12/14,C0M660
22.2,14.5,0,2021/12/14,C0E740
20.6,14.4,0,2021/12/14,C0E810
14.4,4.3,0.5,2021/12/14,C0S750
24.8,15.5,0,2021/12/14,C0O840
24.4,17,0,2021/12/14,C0X120
15.7,14.6,43,2021/12/14,C0A650
23.8,14.9,0,2021/12/14,C0M720
9.9,1.1,0,2021/12/14,C0T790
25.2,14,0,2021/12/14,C0M700
26,16.4,0,2021/12/14,C0R240
25.3,18.1,0,2021/12/14,C0V690
18.8,16.7,7,2021/12/14,C0A970
22.8,18.8,0,2021/12/14,C0SA30
20.1,17.5,1,2021/12/14,C0AD30
17.4,15.7,37,2021/12/14,C0AD00
22.7,18.3,0,2021/12/14,C0Z190
17.8,13.5,2.5,2021/12/14,C0C460
25.4,14.8,0,2021/12/14,C0X060
26.3,16.6,0,2021/12/14,C0R160
18.4,13.7,4.5,2021/12/14,C0UA60
17.8,15.1,0,2021/12/14,C0T9E0
20.4,16.5,0,2021/12/14,C0F9K0
18.4,16.1,4.5,2021/12/14,C0AD50
24.3,16.2,0,2021/12/14,C0G840
17.8,16.5,2.5,2021/12/14,C0AC80
21.1,16.2,0,2021/12/14,C0D560
23.8,17.7,0,2021/12/14,C0F9O0
21.7,16.9,2.5,2021/12/14,C0Z210
23.4,16.3,0,2021/12/14,C0M740
24.6,20.9,0,2021/12/14,C0R740
16,12.3,4.5,2021/12/14,C0Z290
21,16.5,2,2021/12/14,C0Z170
24.7,17.9,0,2021/12/14,C0V810
23.2,18.1,0,2021/12/14,C0S790
22.3,18.3,1,2021/12/14,C0T9M0
26.4,18.9,0,2021/12/14,C0R270
20.4,10.9,0,2021/12/14,C0I010
23.3,16.7,0,2021/12/14,C0M650
25,14.6,0,2021/12/14,C0K470
26.4,18.6,0,2021/12/14,C0R220
24.8,17,0,2021/12/14,C0X150
24.2,16,0,2021/12/14,C0K400
22,16.8,0,2021/12/14,C0K520
23.4,15,0,2021/12/14,C0M850
23,19.9,0,2021/12/14,C0R800
26.5,15.5,0,2021/12/14,C0V250
23.1,16,0,2021/12/14,C0K450
20,13.7,0,2021/12/14,C0I090
24.4,17.4,0,2021/12/14,C0O950
23.4,16.1,0,2021/12/14,C0G660
25.6,16.8,0,2021/12/14,C0O990
15.2,13.4,15.5,2021/12/14,C0AH40
24.3,15.5,0,2021/12/14,C0M640
24.6,14.7,0,2021/12/14,C0G620
16.7,15.6,89.5,2021/12/14,C0U780
28.1,15.3,0,2021/12/14,C0V360
25,16.8,0,2021/12/14,C0R470
26.4,18,0,2021/12/14,C0R570
25.3,15.6,0,2021/12/14,C0I110
24,17.7,0,2021/12/14,C0S940
22.2,16.4,0,2021/12/14,C0Z020
18.2,16.4,3,2021/12/14,C0AD40
13.9,10.4,2,2021/12/14,C0Z250
25.4,18.7,0,2021/12/14,C0R530
21.9,17.5,0,2021/12/14,C0M710
17.4,16.1,34,2021/12/14,C0U990
20.4,17,1.5,2021/12/14,C0A9E0
22.4,17.2,0,2021/12/14,C0X280
24.3,15.5,0,2021/12/14,C0G820
21.9,12.5,0,2021/12/14,C0E520
25.6,14.5,0,2021/12/14,C0K560
23.1,15.1,0,2021/12/14,C0SA00
25.4,19.8,0,2021/12/14,C0SA60
24.2,16.5,0,2021/12/14,C0M760
20.9,16.1,0,2021/12/14,C0S950
26.4,16.1,0,2021/12/14,CM0180
11.5,10.6,53,2021/12/14,C0UA40
18.8,14.1,0,2021/12/14,C0T820
26.5,17.8,0,2021/12/14,C0V730
16,15,89.5,2021/12/14,C0A930
20.9,14.3,0,2021/12/14,C0Z220
21,16.1,0,2021/12/14,C0S710
23.2,16.5,0,2021/12/14,C0K390
21.4,15.8,0,2021/12/14,C0T870
24.2,17.9,0,2021/12/14,C0R660
22.8,16.4,0,2021/12/14,C0K500
26.3,18.1,0,2021/12/14,C0R490
16.8,14.9,0.5,2021/12/14,C0AH50
26.6,17.6,0,2021/12/14,C0V450
16.5,13.3,15.5,2021/12/14,C0A560
9.8,1.9,7,2021/12/14,C0UA20
21.9,15.2,0,2021/12/14,C0D580
25,16.4,0,2021/12/14,C0V610
22.4,18.4,0,2021/12/14,C0Z310
19.9,13.9,0,2021/12/14,C0K240
15.2,13.1,14,2021/12/14,C0U980
25.7,16.8,0,2021/12/14,C0R480
23.9,15.3,0,2021/12/14,C0M800
20.8,15.4,0,2021/12/14,C0R140
12.3,11.1,70,2021/12/14,C0AH30
22.8,16.8,0,2021/12/15,C0X290
23.9,18.5,0,2021/12/15,C0AD10
26.1,12.7,0,2021/12/15,C0E550
26.7,16.3,0,2021/12/15,C0V770
26.7,14.9,0,2021/12/15,C0M760
25.3,14.2,0,2021/12/15,C0K440
25.4,15.7,0,2021/12/15,C0V640
26.9,15.5,0,2021/12/15,C0X140
25.5,14.8,0,2021/12/15,C0K500
24.8,18.2,0,2021/12/15,C0A520
23.4,15.5,0,2021/12/15,C0AI00
27.1,15.7,0,2021/12/15,C0O960
24.7,18.3,0,2021/12/15,C0R810
27.6,13.8,0,2021/12/15,C0O830
29.2,15.9,0,2021/12/15,C0D560
19.1,11.6,0,2021/12/15,C0M810
27.3,14.8,0,2021/12/15,C0G650
27.5,16.3,0,2021/12/15,C0V530
24.1,17,0,2021/12/15,C0S930
26.8,17.2,0,2021/12/15,C0R510
26.6,12.2,0,2021/12/15,C0E850
22.3,20,21.5,2021/12/15,C0R620
28.7,13.5,0,2021/12/15,C0X320
16.5,13.9,0,2021/12/15,C0W110
21.8,15.4,0,2021/12/15,C0C680
22,14.8,0,2021/12/15,C0T870
26.1,14.2,0,2021/12/15,C0M520
25.1,13.9,0,2021/12/15,C0X240
26.2,16.4,0,2021/12/15,C0V660
26.3,14.3,0,2021/12/15,C0O840
26.9,14.4,0,2021/12/15,C0O860
24.2,15.4,0,2021/12/15,C0K291
26.7,15.5,0,2021/12/15,C0G810
21.9,17.5,3,2021/12/15,C0T9D0
23.8,17.2,0,2021/12/15,C0A9F0
15.7,10.3,1.5,2021/12/15,C0AC40
18.9,16.2,16,2021/12/15,C0SA90
23.5,16.2,0,2021/12/15,C0Z210
24.7,18.4,0,2021/12/15,C0R700
24.2,16.4,0,2021/12/15,C0C460
27.4,11.9,0,2021/12/15,C0H950
21.7,18.8,17.5,2021/12/15,C0R790
26.6,16.6,0,2021/12/15,C0C590
23.3,20.9,0,2021/12/15,C0R740
27.2,16.2,0,2021/12/15,C0G860
27,16,0,2021/12/15,C0X160
21.7,16.2,0,2021/12/15,C0T9F0
3.1,-3,0,2021/12/15,C0F0E0
20.6,15.9,11.5,2021/12/15,C0A890
27.2,13.1,0,2021/12/15,C0X060
21.7,15.6,0,2021/12/15,C0W140
25.1,16.7,0,2021/12/15,C0X190
23.5,18.6,0,2021/12/15,C0AI40
11.8,3,0,2021/12/15,C0UA20
15.7,10.1,0,2021/12/15,C0S760
27.5,16.2,0,2021/12/15,C0F9N0
22.9,15.4,0,2021/12/15,C0K530
24.5,17.8,0,2021/12/15,C0AG80
23.9,17.5,0,2021/12/15,C0AH10
23.4,15.6,0,2021/12/15,C0X280
24.2,16.3,0,2021/12/15,C0C650
21.2,15.9,21,2021/12/15,C0SA00
26.1,13.4,0,2021/12/15,C0E540
26.2,15,0,2021/12/15,C0G720
21,17.3,4,2021/12/15,C0Z230
21.6,17.4,0,2021/12/15,C0AI20
22.9,15.2,0,2021/12/15,C0F9K0
26.9,18.3,0,2021/12/15,C0G780
23.8,17.9,10.5,2021/12/15,C0S920
23.8,12.7,0,2021/12/15,C0F930
25.2,16.6,0,2021/12/15,C0C620
22.4,14.5,0,2021/12/15,C0E830
25.4,11.4,0,2021/12/15,C0I370
27.8,17.6,0,2021/12/15,C0V440
23.6,15.8,0,2021/12/15,C0C670
23.9,17.5,0,2021/12/15,C0A770
22.5,16.6,0,2021/12/15,C0W150
23.2,18.4,1,2021/12/15,C0S810
23.4,17.7,0,2021/12/15,C0AI30
26.3,16.7,0,2021/12/15,C0X100
22.1,16.5,3.5,2021/12/15,C0U600
22,15.5,0,2021/12/15,C0R130
26.4,15,0,2021/12/15,C0M640
23.4,16.8,0,2021/12/15,C0AC70
18.6,12.8,0,2021/12/15,C0Z050
26.3,14.5,0,2021/12/15,C0M660
25.1,15.1,0,2021/12/15,C0R820
27.5,13.1,0,2021/12/15,C0X080
26.6,16.6,0,2021/12/15,C0C540
9.5,0.9,0,2021/12/15,C0H990
22.4,12.1,0,2021/12/15,C0M820
25.6,14.9,0,2021/12/15,C0M650
24.8,13.4,0,2021/12/15,C0M850
8.9,0,0,2021/12/15,C0F9Z0
26.4,14.5,0,2021/12/15,C0K420
26.7,17.3,0,2021/12/15,C0V730
13,5.8,1,2021/12/15,C0U710
21.4,17.1,1.5,2021/12/15,C0A880
21.1,16.5,9,2021/12/15,C0U910
19.9,13.8,0.5,2021/12/15,C0A530
27.1,16,0,2021/12/15,C0R160
26.1,18.6,0,2021/12/15,C0V710
26.6,14,0,2021/12/15,C0V250
26.9,14.6,0,2021/12/15,C0O900
27.3,17.3,0,2021/12/15,C0R570
26.4,12.9,0,2021/12/15,C0E590
23.7,15.3,0,2021/12/15,C0X220
22.3,16.2,0,2021/12/15,C0Z200
25.6,14.7,0,2021/12/15,C0M720
19.9,18.1,41.5,2021/12/15,C0R280
21.8,19.7,23.5,2021/12/15,C0R710
16.8,14.1,0,2021/12/15,C0W160
27.1,14.6,0,2021/12/15,C0E790
18.1,16.2,16,2021/12/15,C0R750
21,9.6,0,2021/12/15,C0H9A0
26.1,14.7,0,2021/12/15,C0E750
24.2,17.3,0,2021/12/15,C0A9E0
23.2,16.6,0,2021/12/15,C0Z100
27.7,13.8,0,2021/12/15,C0K560
25.6,13.5,0,2021/12/15,C0M800
20.9,18.8,5,2021/12/15,C0R720
25.3,18.4,0,2021/12/15,C0R640
29.4,13.3,0,2021/12/15,CM0160
27.3,17.1,0,2021/12/15,C0V750
21.9,16.9,4,2021/12/15,C0U770
26.4,14.1,0,2021/12/15,C0G660
20.5,18.9,0,2021/12/15,C0A950
26.6,17,0,2021/12/15,C0R650
27.6,13.7,0,2021/12/15,C0X300
26.9,14.5,0,2021/12/15,C0K400
25.8,14.8,0,2021/12/15,C0K480
26.8,13.3,0,2021/12/15,C0K250
12.7,6.9,0.5,2021/12/15,C0UA10
27.1,14.6,0,2021/12/15,C0X180
20.3,12.8,0,2021/12/15,C0S660
24.6,17.8,1.5,2021/12/15,C0S830
24.1,16.9,0,2021/12/15,C0C480
23.7,16.1,0,2021/12/15,C0G890
27,15.6,0,2021/12/15,C0R240
23.5,16.4,0,2021/12/15,C0T9N0
26,13.9,0,2021/12/15,C0K280
24.4,14.2,0,2021/12/15,C0G730
21.6,15.6,0,2021/12/15,C0T900
25.6,16.2,0,2021/12/15,C0V790
20,14.8,1,2021/12/15,C0A650
23.7,20.3,7.5,2021/12/15,C0S970
25.2,18.3,0,2021/12/15,C0R530
9.2,0.8,0,2021/12/15,C0I530
26.8,14.9,0,2021/12/15,C0M780
21.5,10.7,0,2021/12/15,C0M530
23.4,20.3,1.5,2021/12/15,C0R800
27.1,15.9,0,2021/12/15,C0R190
25.9,14.2,0,2021/12/15,C0X230
29.9,16.6,0,2021/12/15,C0R150
27.6,16.2,0,2021/12/15,C0V740
14.7,11.2,13.5,2021/12/15,C0UA40
24.8,16.6,0,2021/12/15,C0V620
22.9,17.1,11.5,2021/12/15,C0T9I0
23,16.5,1,2021/12/15,C0AD00
20.4,15,5,2021/12/15,C0S700
26.6,17,0,2021/12/15,C0V760
28.8,14.4,0,2021/12/15,C0V350
22.7,16.3,0,2021/12/15,C0Z061
26,16,0,2021/12/15,C0X120
27.3,14,0,2021/12/15,C0G820
27.1,15.6,0,2021/12/15,C0G880
26.3,16.7,0,2021/12/15,C0F9T0
25.8,16.5,0,2021/12/15,C0G910
26.1,15.4,0,2021/12/15,CM0180
28.4,12.5,0,2021/12/15,C0D580
23.6,20.1,4,2021/12/15,C0S840
20.5,14.3,0,2021/12/15,C0Z220
28.1,14.1,0,2021/12/15,C0O970
22.4,16.1,0,2021/12/15,C0Z070
22.9,16,0,2021/12/15,C0S710
25.5,13.2,0,2021/12/15,C0Z320
21.1,12.7,0,2021/12/15,C0T820
27.6,13.7,0,2021/12/15,C0I410
23.8,15.1,0,2021/12/15,C0F9I0
17.2,13.6,13,2021/12/15,C0U520
20.3,18.6,45.5,2021/12/15,C0S730
23.9,15.2,0,2021/12/15,C0G870
21.2,14.3,0,2021/12/15,C0E610
19.4,15,10,2021/12/15,C0T9E0
23.3,14.2,0,2021/12/15,C0F000
16.7,10.5,0,2021/12/15,C0Z250
16.3,13.8,0,2021/12/15,C0W170
22.5,16.3,0,2021/12/15,C0Z170
21.8,19.8,17,2021/12/15,C0R780
26.3,14.9,0,2021/12/15,C0D480
17.7,13.2,0.5,2021/12/15,C0A870
27.3,17.5,0,2021/12/15,C0D660
23,13.2,0,2021/12/15,C0FA00
23.4,15.2,0,2021/12/15,C0F9P0
26.6,17.2,0,2021/12/15,C0R520
24.2,18.1,0,2021/12/15,C0V690
19.7,14.6,0,2021/12/15,C0T9A0
21.2,15.9,0.5,2021/12/15,C0S950
24.1,17.3,0,2021/12/15,C0V500
24.1,17.3,0,2021/12/15,C0AI10
27.4,16.1,0,2021/12/15,C0X130
18.6,17.2,20.5,2021/12/15,C0R830
20.1,18.8,13,2021/12/15,C0R690
22.1,9.2,0,2021/12/15,C0I390
22.1,16.3,8,2021/12/15,C0U940
16.7,13.4,3.5,2021/12/15,C0U980
22.7,16.6,6,2021/12/15,C0U860
5.8,0.1,0,2021/12/15,C0H9C0
24.5,14,0,2021/12/15,C0G640
24,16.7,0,2021/12/15,C0C700
8.4,-1.4,0.5,2021/12/15,C0F9Y0
26.9,17,0,2021/12/15,C0F9M0
20,17.7,7.5,2021/12/15,C0S990
16.3,13.2,11,2021/12/15,C0AH90
23.8,17.6,0,2021/12/15,C0A980
25.4,16.8,0,2021/12/15,C0C490
9.4,-0.9,0.5,2021/12/15,C0F0D0
23.3,17.1,0,2021/12/15,C0AC80
21,14.9,0,2021/12/15,C0A640
27.1,13.8,0,2021/12/15,C0K470
23,13.7,0,2021/12/15,C0E880
23.2,20.9,2,2021/12/15,C0R350
24.7,15.7,0,2021/12/15,C0F9X0
27.4,11.9,0,2021/12/15,C0H890
28.1,15.9,0,2021/12/15,C0R170
24.3,16.7,0,2021/12/15,C0V650
12.5,7.5,2.5,2021/12/15,C0U960
24.3,16.6,0,2021/12/15,C0S740
26.2,12.3,0,2021/12/15,C0E810
27.4,16.3,0,2021/12/15,C0R480
23.7,16.6,0,2021/12/15,C0AH80
21.4,16.1,7,2021/12/15,C0U900
4.5,-0.4,0,2021/12/15,C0I520
27.7,17.3,0,2021/12/15,C0R490
19.2,10.8,0,2021/12/15,C0I010
16.6,12.8,21.5,2021/12/15,C0UA50
24.5,17.4,0,2021/12/15,C0AD40
27.7,14.6,0,2021/12/15,C0I380
27.2,14.5,0,2021/12/15,C0K490
21.4,19.3,0,2021/12/15,C0W130
27.9,17,0,2021/12/15,C0F9V0
26.1,18.8,0,2021/12/15,C0V490
21.9,15.6,0,2021/12/15,C0C690
18,13.5,3,2021/12/15,C0T9H0
24.2,15.7,0,2021/12/15,C0M750
26.6,14.4,0,2021/12/15,C0X260
20.7,11.2,0,2021/12/15,C0I490
21,17,1,2021/12/15,C0A940
16.7,13.1,6,2021/12/15,C0A550
26.7,15.2,0,2021/12/15,C0I360
26.2,15.5,0,2021/12/15,C0F970
18.6,9,0,2021/12/15,C0U720
24,15.9,0,2021/12/15,C0M710
22.5,18.3,0.5,2021/12/15,C0Z310
22.1,16.2,5.5,2021/12/15,C0U990
23.8,17.4,0,2021/12/15,C0ACA0
23,16.5,0,2021/12/15,C0Z300
23.7,19.7,15,2021/12/15,C0S960
26.5,14.5,0,2021/12/15,C0M690
25.9,14.5,0,2021/12/15,C0M740
24.6,15.5,0,2021/12/15,C0Z080
25.1,14.5,0,2021/12/15,C0F9L0
28.2,13.3,0,2021/12/15,C0D540
19.2,14,0.5,2021/12/15,C0AH40
18.6,15.3,0,2021/12/15,C0T9B0
22.8,16.9,6,2021/12/15,C0U970
26.1,13.6,0,2021/12/15,C0X200
22.5,18.7,1,2021/12/15,C0SA30
25.6,12.1,0,2021/12/15,C0E740
29.1,14.6,0,2021/12/15,C0V260
26.5,16.6,0,2021/12/15,C0V680
26.7,14.7,0,2021/12/15,C0M680
23.6,16.4,0,2021/12/15,C0Z020
26,14.9,0,2021/12/15,C0K390
18.4,14.3,10.5,2021/12/15,C0UA60
28.4,14.2,0,2021/12/15,C0O930
25,19.9,0,2021/12/15,C0G830
22.7,16,0,2021/12/15,C0X310
24.1,18.3,1.5,2021/12/15,C0S940
27.6,12.6,0,2021/12/15,C0I420
23.2,13.3,0.5,2021/12/15,C0UA00
22.2,17.7,1,2021/12/15,C0Z150
26.6,15.6,0,2021/12/15,C0X150
24.4,17.5,0,2021/12/15,C0V810
27.4,17.6,0,2021/12/15,C0R560
27.5,16,0,2021/12/15,C0F9S0
29.2,17.3,0,2021/12/15,C0V310
21,15.8,0,2021/12/15,C0R600
20.7,17.8,0.5,2021/12/15,C0A970
22.2,17.9,20,2021/12/15,C0S790
19.6,16.4,3,2021/12/15,C0Z270
23.6,15.7,0,2021/12/15,C0V610
18,13.7,27,2021/12/15,C0SA20
15.3,5.7,0,2021/12/15,C0F860
27.1,15.4,0,2021/12/15,C0X250
20,14.6,1.5,2021/12/15,C0A570
26.9,15.4,0,2021/12/15,C0X170
22.9,19.4,0,2021/12/15,C0R730
24.7,17.3,0,2021/12/15,C0SA40
24.5,17,0,2021/12/15,C0V630
23.9,18.4,0,2021/12/15,C0A9C0
26,17.8,0,2021/12/15,C0X110
23.8,15.5,0,2021/12/15,C0G740
24.3,13.4,0,2021/12/15,C0I080
27.2,13.7,0,2021/12/15,C0D390
26.4,16.5,0,2021/12/15,C0R260
25.9,17.8,0,2021/12/15,C0R220
25,13.8,0,2021/12/15,C0F9Q0
25.1,15.4,0,2021/12/15,C0O950
19.2,17.2,35,2021/12/15,C0R760
24.9,19.7,5.5,2021/12/15,C0SA60
26.1,15.3,0,2021/12/15,C0K460
18.4,14.1,0,2021/12/15,C0T9G0
24.9,17.8,0,2021/12/15,C0R270
26.9,14.3,0,2021/12/15,C0X210
24.6,17.2,0,2021/12/15,C0R540
23.4,20.2,2.5,2021/12/15,CM0140
13.7,5,0,2021/12/15,C0S750
24.2,17.3,0,2021/12/15,C0AD50
14.6,11.4,5,2021/12/15,C0AH30
18.9,14.9,2,2021/12/15,C0A540
16.7,13.3,11.5,2021/12/15,C0UA70
26.6,14.9,0,2021/12/15,C0M790
27.6,14.9,0,2021/12/15,C0O810
24.1,15.2,0,2021/12/15,C0K520
26.8,13.7,0,2021/12/15,C0K580
27.7,16.8,0,2021/12/15,C0R590
26.4,17.4,0,2021/12/15,C0AC60
24.6,13.3,0,2021/12/15,C0E870
26,14.5,0,2021/12/15,C0K450
25.8,17,0,2021/12/15,C0R580
28.6,14,0,2021/12/15,C0V360
24.4,18.2,0,2021/12/15,C0V720
18.2,12.8,35,2021/12/15,C0S980
25.2,17.4,0,2021/12/15,C0V670
28.2,15.3,0,2021/12/15,C0H960
27.2,14.4,0,2021/12/15,C0G840
28.1,10.9,0,2021/12/15,C0E520
24.7,16.4,0,2021/12/15,C0G770
24.2,21.5,0,2021/12/15,C0R670
25.4,15,0,2021/12/15,C0C710
14.3,11,10.5,2021/12/15,C0U950
20.9,15.1,0,2021/12/15,C0AH50
25.5,13.9,0,2021/12/15,C0M860
20.5,15.5,4.5,2021/12/15,C0A920
26.7,15,0,2021/12/15,C0K330
27,16.6,0,2021/12/15,C0F9U0
14.3,5,0,2021/12/15,C0I480
20.2,15.9,4.5,2021/12/15,C0U890
26.2,16.9,0,2021/12/15,C0V450
22,18.4,0,2021/12/15,C0Z180
25.6,14.8,0,2021/12/15,C0K410
24.9,14.8,0,2021/12/15,C0K430
28,14.5,0,2021/12/15,C0X050
24.4,20.8,0,2021/12/15,C0R320
27.5,14.1,0,2021/12/15,C0O980
21.4,14.8,0,2021/12/15,C0R140
24.1,17.7,0,2021/12/15,C0AD30
20.3,17.6,23.5,2021/12/15,C0S770
22.1,14,0,2021/12/15,C0I090
23,16.4,0,2021/12/15,CM0120
29.1,15.5,0,2021/12/15,C0M730
24.1,18.6,7,2021/12/15,C0T9M0
22.3,13.7,0,2021/12/15,C0K240
28.6,13.9,0,2021/12/15,C0M410
22.5,18,0,2021/12/15,C0Z190
22.7,16.7,0,2021/12/15,C0AH00
18,16.1,14.5,2021/12/15,C0R840
24.4,16.1,0,2021/12/15,C0Z280
20.9,18.4,8,2021/12/15,C0R340
20.1,17.4,0.5,2021/12/15,C0B020
17.3,13.8,7.5,2021/12/15,C0U870
26.3,15.1,0,2021/12/15,C0M770
18.3,14.9,12,2021/12/15,C0U750
26.4,15.7,0,2021/12/15,C0F9A0
23.2,12.6,0,2021/12/15,C0D360
21.4,15.8,9,2021/12/15,C0U780
28.1,13.6,0,2021/12/15,C0G620
25.3,13,0,2021/12/15,C0F0B0
23.2,17.2,14,2021/12/15,C0SA80
21.9,15.6,3,2021/12/15,C0A660
27.1,13.9,0,2021/12/15,C0G760
23.8,21,84.5,2021/12/15,C0S900
27.7,15,0,2021/12/15,C0I460
17.9,12.3,2,2021/12/15,C0Z290
11.9,1.4,0,2021/12/15,C0T790
24.3,17.5,0,2021/12/15,C0R660
24.3,17.5,0.5,2021/12/15,C0AH70
4.4,-2.4,0,2021/12/15,C0F0A0
22.2,19.5,34.5,2021/12/15,C0S910
24.6,16.8,0,2021/12/15,C0C660
14,8.8,0.5,2021/12/15,C0D550
26.7,15,0,2021/12/15,C0M670
25.6,14.7,0,2021/12/15,C0K550
26.4,15.7,0,2021/12/15,C0R550
12.1,9.6,9,2021/12/15,C0R440
24,16.4,0,2021/12/15,C0T960
26.8,16.6,0,2021/12/15,C0R470
22.7,16.7,0,2021/12/15,C0G900
19.1,15.6,8,2021/12/15,C0A930
27.1,17.3,0,2021/12/15,C0V800
25.6,16.8,0,2021/12/15,C0D650
22.5,16.6,0.5,2021/12/15,C0B010
24.7,14.8,0,2021/12/15,C0G800
22.3,13.6,0,2021/12/15,C0F0C0
18.8,13.4,1.5,2021/12/15,C0A560
5.8,-2.2,0.5,2021/12/15,C0I540
19.2,14.1,4,2021/12/15,C0A860
27.8,15.1,0,2021/12/15,C0I110
26.5,16.8,0,2021/12/15,C0F9O0
24.9,14.7,0,2021/12/15,C0K510
20.3,18.8,0,2021/12/15,C0W120
22.5,20.6,23.5,2021/12/15,C0R680
24.7,17.2,0,2021/12/15,C0S890
20.1,16.6,9,2021/12/15,C0S690
27.5,16.4,0,2021/12/15,C0V400
22.5,19.5,2,2021/12/15,C0R770
27.2,13.4,0,2021/12/15,C0M700
26.4,14,0,2021/12/15,C0V370
25.2,14.1,0,2021/12/15,C0G750
13.6,8.4,0.5,2021/12/15,C0UA30
19.8,14.2,0,2021/12/15,C0Z330
19.3,13.7,4,2021/12/15,C0U650
23.7,16.2,0,2021/12/15,C0C630
20.8,12.7,0,2021/12/15,C0R100
23.8,15.8,0,2021/12/15,C0F9R0
25.9,18.5,0,2021/12/15,C0V700
26.6,13.4,0,2021/12/15,C0F850
26.5,13.8,0,2021/12/15,C0V820
22.9,16.3,0.5,2021/12/15,C0SA10
22.5,16.7,0.5,2021/12/15,C0Z160
24.4,16,0,2021/12/18,C0G860
14.2,4.3,11,2021/12/18,C0AC40
17.1,9.3,27,2021/12/18,C0A870
27.5,17.7,0,2021/12/18,C0V700
22.5,15.4,0,2021/12/18,C0G750
21.2,12.7,0,2021/12/18,C0Z220
20.2,14.7,0,2021/12/18,C0E750
25.4,17.3,0,2021/12/18,C0SA80
24.9,15.5,0,2021/12/18,C0M680
26.4,15,0,2021/12/18,C0X060
27.7,17.4,0,2021/12/18,C0R490
20.9,15.4,0,2021/12/18,C0AI20
16,8.1,87,2021/12/18,C0UA50
26.2,14.4,0,2021/12/18,C0M700
26.9,16.6,0,2021/12/18,C0V670
12.4,0.9,0,2021/12/18,C0T790
24,19,0.5,2021/12/18,C0S910
22.1,16.3,0,2021/12/18,C0T9D0
27.3,16,0,2021/12/18,C0R160
16.6,8.5,59.5,2021/12/18,C0A550
22.6,16.4,0,2021/12/18,C0T9I0
21.5,12.2,0,2021/12/18,C0FA00
27.7,17.3,0,2021/12/18,C0R560
27.3,17,0,2021/12/18,C0V620
22.9,15.3,0,2021/12/18,C0K410
20.9,14.6,0,2021/12/18,C0D660
22.4,15.6,0,2021/12/18,C0K520
27.2,17.4,0,2021/12/18,C0R650
28.4,16.8,0,2021/12/18,C0V610
25.2,13.1,0,2021/12/18,C0I370
23.1,15.1,0.5,2021/12/18,C0Z200
25,14.9,0,2021/12/18,C0M800
15.3,4.3,1,2021/12/18,C0S750
19.3,13.5,2,2021/12/18,C0AI10
14.4,5.5,17.5,2021/12/18,C0U950
6.9,-1.3,0,2021/12/18,C0I540
24.8,13.3,0,2021/12/18,C0K470
22,16.7,0,2021/12/18,C0R830
21.7,15.1,0,2021/12/18,C0R750
22.7,15.9,0,2021/12/18,C0F9U0
-99,-99,0,2021/12/18,C0A950
26.7,16.6,0,2021/12/18,C0V640
10.2,-1,0,2021/12/18,C0F9Y0
21.9,13.7,0,2021/12/18,C0T870
24.8,15.1,0,2021/12/18,C0M690
19.6,12.6,8,2021/12/18,C0A930
21.2,14.9,0,2021/12/18,C0U860
-99,-99,0,2021/12/18,C0G780
25.6,19.2,0,2021/12/18,C0S960
24.5,14.8,0,2021/12/18,C0Z020
19.9,13.1,0,2021/12/18,C0F000
26.2,17,0,2021/12/18,C0R580
23.2,9.2,0,2021/12/18,C0H9A0
26,21,0,2021/12/18,C0R680
19.6,14.1,4.5,2021/12/18,C0A880
20.5,13.9,0,2021/12/18,C0F9I0
22.9,13.9,0,2021/12/18,C0K240
23.5,15.8,0,2021/12/18,C0K280
24.3,15.1,0,2021/12/18,C0Z061
26.6,16,0,2021/12/18,C0X170
27.3,17.2,0,2021/12/18,C0V690
19.5,13.4,0,2021/12/18,C0F9Q0
20.3,15,0,2021/12/18,C0E870
24.6,17.6,0,2021/12/18,C0S810
19,12.9,0,2021/12/18,C0C690
24.2,19.9,0,2021/12/18,C0R790
27.4,17,0,2021/12/18,C0V800
22.8,14,1,2021/12/18,C0Z070
19.3,13.4,0,2021/12/18,C0D580
24.6,15.1,0,2021/12/18,C0G760
22.7,18.2,2,2021/12/18,C0S730
21.2,12.2,0,2021/12/18,C0Z330
23,15.4,0,2021/12/18,C0K550
26.6,20,0,2021/12/18,C0R740
23.6,16.1,0,2021/12/18,C0G830
27.4,15.7,0,2021/12/18,C0O810
24,14.4,0,2021/12/18,C0G620
24.4,13.4,0,2021/12/18,C0I360
26.7,15.4,0,2021/12/18,C0O980
22.3,15.7,0,2021/12/18,C0G640
20.8,14.9,0,2021/12/18,C0E590
20.9,13.4,0,2021/12/18,C0E790
19.9,13.5,0,2021/12/18,C0T9B0
24.7,12.6,0,2021/12/18,C0H950
22.6,17.7,0,2021/12/18,C0W130
24.5,14.4,0,2021/12/18,C0K490
18,11.3,17.5,2021/12/18,C0A650
23.6,15.3,0,2021/12/18,C0X220
26.5,15.2,0,2021/12/18,C0I110
25.5,19.8,0,2021/12/18,C0S970
23.1,18.3,0,2021/12/18,C0Z180
19.5,14,0,2021/12/18,C0C480
19.1,12.7,0,2021/12/18,C0C650
14.9,7,1,2021/12/18,C0R440
15.5,9.4,0,2021/12/18,C0E880
18.3,14.8,0,2021/12/18,C0W160
20.7,14.5,0,2021/12/18,C0C540
22.7,16.2,0,2021/12/18,C0X290
23.3,16.3,0,2021/12/18,C0Z100
29.6,15.2,0,2021/12/18,C0V260
29.1,14.5,0,2021/12/18,C0M410
20.2,13.7,9,2021/12/18,C0U990
26,14.5,0,2021/12/18,C0I420
18.5,12,3,2021/12/18,C0C630
27.8,16.2,0,2021/12/18,C0V400
25.5,15.4,0,2021/12/18,C0X080
23.3,15.1,0,2021/12/18,C0K460
25.2,19.7,0,2021/12/18,C0R700
28.3,16,0,2021/12/18,C0R150
21,14.2,13,2021/12/18,C0U910
19.7,13.7,0,2021/12/18,C0C700
26.6,15.2,0,2021/12/18,C0X320
28,15.1,0,2021/12/18,C0O930
24.2,12.6,0,2021/12/18,C0F9A0
9.1,-1.5,0,2021/12/18,C0F0E0
19.6,13.4,0,2021/12/18,C0C490
26.6,14.3,0,2021/12/18,C0V820
22,15.5,0,2021/12/18,C0S690
24.6,14.6,0,2021/12/18,C0M850
24,15.3,0,2021/12/18,C0SA00
22.4,17.5,0,2021/12/18,C0R760
20.6,14.7,0,2021/12/18,C0A9E0
18.3,12.2,4.5,2021/12/18,C0C710
20.4,14.4,0.5,2021/12/18,C0A970
20.4,14.8,0.5,2021/12/18,C0A520
24.4,14.1,0,2021/12/18,C0M770
28.2,16.2,0,2021/12/18,C0R170
23.2,16.2,0,2021/12/18,C0G910
27.6,16.4,0,2021/12/18,C0V660
20.3,14.4,0,2021/12/18,C0E740
24.2,18.3,0,2021/12/18,C0R690
21,14.7,0,2021/12/18,C0AI30
20.7,14.7,0,2021/12/18,C0C620
19.4,13.8,0,2021/12/18,C0E780
19.9,14,2,2021/12/18,C0AC60
21,14.1,0,2021/12/18,C0F9L0
22,15.1,0,2021/12/18,C0F9M0
23.4,15.6,0,2021/12/18,C0X280
25.3,20.8,0,2021/12/18,C0R620
24.9,18.4,0,2021/12/18,C0R810
18.6,12.1,1.5,2021/12/18,C0C670
27.4,14.8,0,2021/12/18,C0O970
25.7,14.1,0,2021/12/18,C0O840
22.4,13.5,0,2021/12/18,C0M820
19.9,13.4,7.5,2021/12/18,C0U890
22.8,15.2,0,2021/12/18,C0K500
25.8,13.7,0,2021/12/18,C0K560
27.6,16.4,0,2021/12/18,C0V770
16.1,6.9,0,2021/12/18,C0S760
27.4,20.5,0,2021/12/18,C0R670
23.3,16.1,0,2021/12/18,C0Z160
27.8,17,0,2021/12/18,C0V730
16,9.9,7,2021/12/18,C0A560
27.7,16,0,2021/12/18,C0M730
24.1,15.3,0,2021/12/18,C0M670
26.2,18.2,0,2021/12/18,C0R530
27.3,17.1,0,2021/12/18,C0R520
20.4,15.8,0,2021/12/18,C0W150
25.8,16.2,0,2021/12/18,C0X140
26.4,18.8,0,2021/12/18,C0R730
20.8,14.5,0,2021/12/18,C0AG80
19.7,12,0,2021/12/18,C0SA20
17.9,8.3,14,2021/12/18,C0Z250
7.3,-0.9,0,2021/12/18,C0F0A0
25,16.1,0,2021/12/18,C0X190
21.5,11.6,0,2021/12/18,C0S660
20.3,14.8,0,2021/12/18,C0ACA0
22.9,15.5,0,2021/12/18,C0K510
25.9,20.5,2.5,2021/12/18,C0S900
25.7,15.8,0,2021/12/18,C0X150
28.2,14,0,2021/12/18,C0O830
21.5,15.7,0,2021/12/18,C0G890
18.1,10.8,8,2021/12/18,C0A640
25.1,14.4,0,2021/12/18,C0M640
24.4,16.6,0,2021/12/18,C0S940
26.3,17.1,0,2021/12/18,C0R260
24.8,18.2,0,2021/12/18,CM0140
23.7,15.2,0,2021/12/18,C0M660
16.3,9.4,4.5,2021/12/18,C0U980
20.9,14.8,0,2021/12/18,C0A940
20.8,14.3,0,2021/12/18,C0AH10
18.3,11.9,0,2021/12/18,C0D480
23.3,14.5,1.5,2021/12/18,C0Z210
20.1,14.9,0,2021/12/18,C0A980
20.7,14.5,0,2021/12/18,C0C590
19.4,12.3,0,2021/12/18,C0E520
26,13.8,0,2021/12/18,C0SA40
25,14.9,0,2021/12/18,C0R130
24.7,18.9,0,2021/12/18,C0R780
22.6,14.6,0,2021/12/18,C0F970
24.4,15.4,0,2021/12/18,C0M760
19.4,10.9,1.5,2021/12/18,C0UA00
19.6,13.8,0,2021/12/18,C0D430
23.1,15.2,0,2021/12/18,C0K250
22.2,16.3,0,2021/12/18,C0G870
21.6,15.1,0,2021/12/18,C0R840
25.2,17.7,0,2021/12/18,C0R340
25.7,13.7,0,2021/12/18,C0I380
24.3,15.9,0,2021/12/18,C0F9N0
23.3,14.5,0,2021/12/18,C0K480
16.2,9.9,6,2021/12/18,C0A530
27.9,17.3,0,2021/12/18,C0R570
18.3,11.1,0,2021/12/18,C0T9H0
18.8,10.6,0,2021/12/18,C0UA60
21.2,11.4,0,2021/12/18,C0T820
18.4,10.1,3,2021/12/18,C0U870
17,8.2,34.5,2021/12/18,C0UA70
22.4,9.3,0,2021/12/18,C0I390
28,20.1,0,2021/12/18,C0R320
24.2,12.9,0,2021/12/18,C0X240
18.1,8.8,4.5,2021/12/18,C0AH40
22.1,12.8,0,2021/12/18,C0I090
18.7,12.5,0,2021/12/18,C0C680
24,15.3,0,2021/12/18,C0M650
19.6,14.2,0,2021/12/18,C0E550
21.7,16.8,0,2021/12/18,CM0120
26.4,14.6,0,2021/12/18,C0X200
24.1,15.5,0,2021/12/18,C0K330
21,13.9,5,2021/12/18,C0AH00
25.5,13.5,5,2021/12/18,C0Z080
19.2,13.3,0,2021/12/18,C0AI00
27.9,17,0,2021/12/18,C0V760
27.9,15.2,0,2021/12/18,C0V350
26,16.6,0,2021/12/18,C0X110
16.4,2.4,0,2021/12/18,C0F860
16.9,10.7,26.5,2021/12/18,C0A570
26.8,19.2,0,2021/12/18,C0S840
25.6,18.4,0,2021/12/18,C0R640
25.4,15.8,0,2021/12/18,C0G880
27.1,14.1,0,2021/12/18,C0V250
22.3,15.8,0,2021/12/18,C0G740
23.6,18.5,0,2021/12/18,C0R720
25.6,16.3,0,2021/12/18,C0V630
22.2,12.4,0,2021/12/18,C0F9V0
23.2,15.5,0,2021/12/18,C0F9O0
26.7,14.9,0,2021/12/18,C0X180
21,14.5,24,2021/12/18,C0B010
27.2,17.1,0,2021/12/18,C0V810
25.6,16,0,2021/12/18,C0S830
20.5,13.8,0,2021/12/18,C0AC70
28.9,17.3,0,2021/12/18,C0V440
21.9,15.3,0,2021/12/18,C0F9T0
20.1,13.4,0,2021/12/18,C0D560
21.7,10.5,0,2021/12/18,C0F0C0
19.7,13.7,0,2021/12/18,C0AD50
10.4,2,21,2021/12/18,C0U960
24.5,15.2,0,2021/12/18,C0M780
10.6,3.5,28,2021/12/18,C0UA10
22.5,14,4,2021/12/18,C0T900
25.4,13.9,0,2021/12/18,CM0160
24.2,15.9,0,2021/12/18,C0I460
20.9,10.6,0,2021/12/18,C0I490
10.4,-0.4,0,2021/12/18,C0F0D0
24.5,14.1,0,2021/12/18,C0T9N0
26.3,16.4,0,2021/12/18,C0V500
20.1,11.2,0,2021/12/18,C0S980
10.2,0.6,0,2021/12/18,C0I530
24.2,14.9,0,2021/12/18,C0K400
24.1,15.1,0,2021/12/18,C0Z300
23.1,18.1,0,2021/12/18,C0R280
27.3,16.9,0,2021/12/18,C0V750
21.4,13.4,0,2021/12/18,C0R100
16.7,8.4,0,2021/12/18,C0E610
18.6,9.5,2.5,2021/12/18,C0Z290
24.4,15,0,2021/12/18,C0X230
23.7,18,0,2021/12/18,C0Z310
22.6,16.5,0,2021/12/18,C0S990
15.8,8.7,2.5,2021/12/18,C0AH90
-99,-99,0,2021/12/18,C0W140
18.8,12.6,0,2021/12/18,C0T9A0
26.9,18.1,0,2021/12/18,C0R220
23.4,16,0,2021/12/18,C0G810
28.5,16.5,0,2021/12/18,C0V680
25.7,17.1,0,2021/12/18,C0R770
19.6,13.2,0,2021/12/18,C0A920
9.7,-0.2,0,2021/12/18,C0F9Z0
25.9,16.6,0,2021/12/18,C0V790
21.2,15.6,0,2021/12/18,C0F9P0
20.6,14.1,0,2021/12/18,C0A770
-99,-99,0,2021/12/18,C0R480
20.2,14.3,0,2021/12/18,C0D650
23.5,15.5,0,2021/12/18,C0G660
25.2,16.1,0,2021/12/18,C0X100
20.5,12.3,0,2021/12/18,C0M530
26.5,14.1,0,2021/12/18,C0H890
22.9,17.6,0,2021/12/18,C0Z150
22.1,15.4,0,2021/12/18,C0T9F0
20.3,14.5,0,2021/12/18,C0AD00
16.1,5.4,0,2021/12/18,C0I480
13.2,6.6,0,2021/12/18,C0D550
25.6,14.2,0,2021/12/18,C0SA10
25.9,15.9,0,2021/12/18,C0X130
18.6,12.3,0,2021/12/18,C0W170
24.8,12.6,0,2021/12/18,C0S740
20.4,14.8,0,2021/12/18,C0Z270
23.3,14.4,0.5,2021/12/18,C0Z280
27.4,16.6,0,2021/12/18,C0R590
21.1,14.7,0,2021/12/18,C0U770
25.8,16.1,0,2021/12/18,C0X160
24.4,16.2,0,2021/12/18,C0H960
8.6,-1.4,0.5,2021/12/18,C0UA20
23.7,15.3,0,2021/12/18,C0M790
25.4,13.6,0,2021/12/18,C0M720
17.2,13.5,0,2021/12/18,C0W110
27,18.8,0,2021/12/18,C0R270
27.3,17.7,0,2021/12/18,C0V710
20.8,14.6,0,2021/12/18,C0AI40
22.5,16,0,2021/12/18,C0M710
24.7,16.4,0,2021/12/18,C0G650
23,16.1,0,2021/12/18,C0X310
21.5,13.1,0,2021/12/18,C0F850
27.6,15,0,2021/12/18,C0O960
24.7,15,0,2021/12/18,C0X260
24.8,18.1,0,2021/12/18,C0R660
25.3,17.2,0,2021/12/18,C0R540
27.5,15.6,0,2021/12/18,C0V740
27.2,16.4,0,2021/12/18,C0R190
25.1,16.6,0,2021/12/18,C0S790
20.8,14.5,0,2021/12/18,C0A9C0
26.6,17.1,0,2021/12/18,C0R550
17.4,11.3,6.5,2021/12/18,C0A540
17.2,9.7,6,2021/12/18,C0U520
22.2,15.4,0,2021/12/18,C0G730
23.4,14.5,0.5,2021/12/18,C0T960
20.3,11.2,0,2021/12/18,C0Z050
24.9,15.1,0,2021/12/18,C0M860
28.3,16.9,0,2021/12/18,C0V450
20.6,15.2,0,2021/12/18,C0E830
26.8,15.7,0,2021/12/18,C0O990
10,1.9,13,2021/12/18,C0U710
19.7,13,3,2021/12/18,C0AH80
23.8,13,0,2021/12/18,C0I080
21.5,16.3,0,2021/12/18,C0K530
23.9,14.5,0,2021/12/18,C0S710
20.7,14.8,0,2021/12/18,C0AD10
19,13,0,2021/12/18,C0AH50
22.2,15.6,0,2021/12/18,C0R140
27.7,17.9,0,2021/12/18,C0V490
26.9,17.9,0,2021/12/18,C0V720
25.5,16,0,2021/12/18,C0O950
22.5,15.2,0,2021/12/18,C0K430
18.8,13.5,0,2021/12/18,C0T9E0
19.9,14.4,0,2021/12/18,C0E810
20.8,15.2,0,2021/12/18,C0F9K0
27.2,17.3,0,2021/12/18,C0R510
25.9,15.5,0,2021/12/18,C0S930
21.6,14,8.5,2021/12/18,C0U600
18.4,9.6,41.5,2021/12/18,C0A860
25.3,15.3,0,2021/12/18,C0X210
29.4,17.7,0,2021/12/18,C0V310
26.8,15.9,0,2021/12/18,C0R470
26.2,14.7,0,2021/12/18,C0X050
23.3,15.2,0,2021/12/18,C0G720
27.3,11.8,2,2021/12/18,C0Z320
23.5,15.3,0,2021/12/18,C0M740
23.3,15,1.5,2021/12/18,C0Z170
19.7,12.9,5.5,2021/12/18,C0A660
23.2,16.4,0,2021/12/18,C0F9S0
26.1,16.9,0,2021/12/18,C0S920
8.9,-0.5,0,2021/12/18,C0H9C0
22.8,15.3,0,2021/12/18,C0SA90
23.3,14.7,0,2021/12/18,C0S950
24.5,15.4,0,2021/12/18,C0X250
20.9,15.3,3.5,2021/12/18,C0U970
20.1,12.7,0,2021/12/18,C0M810
22.4,15.4,0,2021/12/18,C0G800
19.7,13.6,0,2021/12/18,C0AC80
22.4,16,0,2021/12/18,C0K291
20.9,15.6,0,2021/12/18,C0E540
19.1,10.4,13,2021/12/18,C0U650
26.9,19.9,0,2021/12/18,C0R350
19.8,13.6,0,2021/12/18,C0C660
6.9,2.2,0,2021/12/18,C0I520
19.9,13.7,0,2021/12/18,C0F930
25,14.3,0,2021/12/18,C0S890
20.4,13.7,8.5,2021/12/18,C0U780
19.2,12.8,14.5,2021/12/18,C0A890
21.6,16.2,0,2021/12/18,C0G900
27.2,16,0,2021/12/18,C0V530
19.6,11.4,5.5,2021/12/18,C0T9G0
16.1,6.1,41.5,2021/12/18,C0AH30
13.1,5,0.5,2021/12/18,C0UA30
20.5,13.9,0,2021/12/18,C0F9X0
21.2,16.3,0,2021/12/18,C0R600
19.6,13.5,7.5,2021/12/18,C0U900
19.2,13.8,0,2021/12/18,C0E850
26.8,14.7,0,2021/12/18,C0V370
24.7,20.1,0,2021/12/18,C0R710
15.9,6.3,7,2021/12/18,C0U720
24.2,17.4,0,2021/12/18,C0SA30
25,15.8,0,2021/12/18,C0X120
22.5,15.1,0,2021/12/18,C0K440
24.3,15.3,0,2021/12/18,C0K580
22.2,13.5,0,2021/12/18,C0S700
24.4,15,0,2021/12/18,C0I410
23.6,17,0,2021/12/18,C0T9M0
22.7,16.5,0,2021/12/18,C0G770
22.9,17.2,0,2021/12/18,C0Z190
20.2,13.9,0,2021/12/18,C0B020
22.2,16.2,0,2021/12/18,C0S770
18.5,11.7,1,2021/12/18,C0U750
23.9,15.6,0,2021/12/18,C0G840
23.3,15.3,0,2021/12/18,C0K390
18.5,12.4,0,2021/12/18,C0D540
26.2,15.3,0,2021/12/18,C0R820
20,12.8,1,2021/12/18,C0D390
26.7,15.6,0,2021/12/18,CM0180
26.5,15.1,0,2021/12/18,C0O860
14.7,6.5,30.5,2021/12/18,C0UA40
11.3,1,0,2021/12/18,C0H990
20.8,13.9,0,2021/12/18,C0A9F0
25.8,15.4,0,2021/12/18,C0O900
26.2,14.4,0,2021/12/18,C0X300
20.7,13,0,2021/12/18,C0F0B0
21.6,17.2,0,2021/12/18,C0W120
26.9,18.3,0,2021/12/18,C0SA60
21.5,15.6,0,2021/12/18,C0F9R0
25.4,11,0,2021/12/18,C0V210
20.8,13.3,40.5,2021/12/18,C0U760
29.5,14.4,0,2021/12/18,C0V360
17.7,12.4,0,2021/12/18,C0D360
19.5,13.7,11,2021/12/18,C0U940
17,10.8,2.5,2021/12/18,C0C460
24.2,15.3,0,2021/12/18,C0M520
23.1,15.8,0,2021/12/18,C0M750
21.9,9.6,0,2021/12/18,C0I010
21.8,16.3,0,2021/12/18,C0Z230
27.1,16.9,0,2021/12/18,C0V650
21.1,15.3,0,2021/12/18,C0AD30
23.8,15.2,0,2021/12/18,C0G820
21.1,14.5,0,2021/12/18,C0AH70
27,16.6,0,2021/12/18,C0R240
23.7,15.1,0,2021/12/18,C0K420