InfoDate,InfoTime
2021/12/12,2021/12/12 0:00
2021/12/12,2021/12/12 1:00
2021/12/12,2021/12/12 2:00
2021/12/12,2021/12/12 3:00
2021/12/12,2021/12/12 4:00
2021/12/12,2021/12/12 5:00
2021/12/12,2021/12/12 6:00
2021/12/12,2021/12/12 7:00
2021/12/12,2021/12/12 8:00
2021/12/12,2021/12/12 9:00
2021/12/12,2021/12/12 10:00
2021/12/12,2021/12/12 11:00
2021/12/12,2021/12/12 12:00
2021/12/12,2021/12/12 13:00
2021/12/12,2021/12/12 14:00
2021/12/12,2021/12/12 15:00
2021/12/12,2021/12/12 16:00
2021/12/12,2021/12/12 17:00
2021/12/12,2021/12/12 18:00
2021/12/12,2021/12/12 19:00
2021/12/13,2021/12/13 0:00
2021/12/13,2021/12/13 1:00
2021/12/13,2021/12/13 2:00
2021/12/13,2021/12/13 3:00
2021/12/13,2021/12/13 4:00
2021/12/13,2021/12/13 5:00
2021/12/13,2021/12/13 6:00
2021/12/13,2021/12/13 7:00
2021/12/13,2021/12/13 8:00
2021/12/13,2021/12/13 9:00
2021/12/13,2021/12/13 10:00
2021/12/13,2021/12/13 11:00
2021/12/13,2021/12/13 12:00
2021/12/13,2021/12/13 13:00
2021/12/13,2021/12/13 14:00
2021/12/13,2021/12/13 15:00
2021/12/13,2021/12/13 16:00
2021/12/13,2021/12/13 17:00
2021/12/13,2021/12/13 18:00
2021/12/13,2021/12/13 19:00
2021/12/14,2021/12/14 0:00
2021/12/14,2021/12/14 1:00
2021/12/14,2021/12/14 2:00
2021/12/14,2021/12/14 3:00
2021/12/14,2021/12/14 4:00
2021/12/14,2021/12/14 5:00
2021/12/14,2021/12/14 6:00
2021/12/14,2021/12/14 7:00
2021/12/14,2021/12/14 8:00
2021/12/14,2021/12/14 9:00
2021/12/14,2021/12/14 10:00
2021/12/14,2021/12/14 11:00
2021/12/14,2021/12/14 12:00
2021/12/14,2021/12/14 13:00
2021/12/14,2021/12/14 14:00
2021/12/14,2021/12/14 15:00
2021/12/14,2021/12/14 16:00
2021/12/14,2021/12/14 17:00
2021/12/14,2021/12/14 18:00
2021/12/14,2021/12/14 19:00
2021/12/14,2021/12/14 20:00
2021/12/15,2021/12/15 0:00
2021/12/15,2021/12/15 1:00
2021/12/15,2021/12/15 2:00
2021/12/15,2021/12/15 3:00
2021/12/15,2021/12/15 4:00
2021/12/15,2021/12/15 5:00
2021/12/15,2021/12/15 6:00
2021/12/15,2021/12/15 7:00
2021/12/15,2021/12/15 8:00
2021/12/15,2021/12/15 9:00
2021/12/15,2021/12/15 10:00
2021/12/15,2021/12/15 11:00
2021/12/15,2021/12/15 12:00
2021/12/15,2021/12/15 13:00
2021/12/15,2021/12/15 14:00
2021/12/15,2021/12/15 15:00
2021/12/15,2021/12/15 16:00
2021/12/15,2021/12/15 17:00
2021/12/15,2021/12/15 18:00
2021/12/16,2021/12/16 0:00
2021/12/16,2021/12/16 1:00
2021/12/16,2021/12/16 2:00
2021/12/16,2021/12/16 3:00
2021/12/16,2021/12/16 4:00
2021/12/16,2021/12/16 5:00
2021/12/16,2021/12/16 6:00
2021/12/16,2021/12/16 7:00
2021/12/16,2021/12/16 8:00
2021/12/16,2021/12/16 9:00
2021/12/16,2021/12/16 10:00
2021/12/16,2021/12/16 11:00
2021/12/16,2021/12/16 12:00
2021/12/16,2021/12/16 13:00
2021/12/16,2021/12/16 14:00
2021/12/16,2021/12/16 15:00
2021/12/16,2021/12/16 16:00
2021/12/16,2021/12/16 17:00
2021/12/16,2021/12/16 18:00
2021/12/16,2021/12/16 19:00
2021/12/16,2021/12/16 20:00
2021/12/17,2021/12/17 0:00
2021/12/17,2021/12/17 1:00
2021/12/17,2021/12/17 2:00
2021/12/17,2021/12/17 3:00
2021/12/17,2021/12/17 4:00
2021/12/17,2021/12/17 5:00
2021/12/17,2021/12/17 6:00
2021/12/17,2021/12/17 7:00
2021/12/17,2021/12/17 8:00
2021/12/17,2021/12/17 9:00
2021/12/17,2021/12/17 10:00
2021/12/17,2021/12/17 11:00
2021/12/17,2021/12/17 12:00
2021/12/17,2021/12/17 13:00
2021/12/17,2021/12/17 14:00
2021/12/17,2021/12/17 15:00
2021/12/18,2021/12/18 0:00
2021/12/18,2021/12/18 1:00
2021/12/18,2021/12/18 2:00
2021/12/18,2021/12/18 3:00
2021/12/18,2021/12/18 4:00
2021/12/18,2021/12/18 5:00
2021/12/18,2021/12/18 6:00
2021/12/18,2021/12/18 7:00
2021/12/18,2021/12/18 8:00
2021/12/18,2021/12/18 9:00
2021/12/18,2021/12/18 10:00
2021/12/18,2021/12/18 11:00
2021/12/18,2021/12/18 12:00
2021/12/18,2021/12/18 13:00
2021/12/18,2021/12/18 14:00
2021/12/18,2021/12/18 15:00
2021/12/18,2021/12/18 16:00
2021/12/18,2021/12/18 17:00
2021/12/18,2021/12/18 18:00
2021/12/18,2021/12/18 19:00
2021/12/18,2021/12/18 20:00
2021/12/18,2021/12/18 21:00